DATE,DBAA
01/04/93,8.69
01/05/93,8.71
01/06/93,8.72
01/07/93,8.78
01/08/93,8.79
01/11/93,8.76
01/12/93,8.78
01/13/93,8.75
01/14/93,8.71
01/15/93,8.66
01/18/93,8.67
01/19/93,8.63
01/20/93,8.66
01/21/93,8.64
01/22/93,8.63
01/25/93,8.56
01/26/93,8.58
01/27/93,8.57
01/28/93,8.54
01/29/93,8.5
02/01/93,8.51
02/02/93,8.53
02/03/93,8.5
02/04/93,8.48
02/05/93,8.46
02/08/93,8.49
02/09/93,8.49
02/10/93,8.52
02/11/93,8.5
02/12/93,8.44
02/15/93,.
02/16/93,8.44
02/17/93,8.41
02/18/93,8.32
02/19/93,8.31
02/22/93,8.26
02/23/93,8.17
02/24/93,8.2
02/25/93,8.22
02/26/93,8.23
03/01/93,8.17
03/02/93,8.16
03/03/93,8.11
03/04/93,8.07
03/05/93,8.1
03/08/93,8.06
03/09/93,8.1
03/10/93,8.09
03/11/93,8.12
03/12/93,8.2
03/15/93,8.23
03/16/93,8.21
03/17/93,8.15
03/18/93,8.1
03/19/93,8.13
03/22/93,8.11
03/23/93,8.1
03/24/93,8.13
03/25/93,8.16
03/26/93,8.23
03/29/93,8.21
03/30/93,8.2
03/31/93,8.21
04/01/93,8.24
04/02/93,8.31
04/05/93,8.3
04/06/93,8.27
04/07/93,8.24
04/08/93,8.18
04/09/93,.
04/12/93,8.12
04/13/93,8.09
04/14/93,8.06
04/15/93,8.05
04/16/93,8.05
04/19/93,8.04
04/20/93,8.05
04/21/93,8.05
04/22/93,8.05
04/23/93,8.08
04/26/93,8.11
04/27/93,8.16
04/28/93,8.18
04/29/93,8.15
04/30/93,8.17
05/03/93,8.16
05/04/93,8.12
05/05/93,8.11
05/06/93,8.11
05/07/93,8.14
05/10/93,8.13
05/11/93,8.13
05/12/93,8.17
05/13/93,8.24
05/14/93,8.23
05/17/93,8.25
05/18/93,8.3
05/19/93,8.28
05/20/93,8.27
05/21/93,8.31
05/24/93,8.3
05/25/93,8.3
05/26/93,8.24
05/27/93,8.23
05/28/93,8.26
05/31/93,.
06/01/93,8.17
06/02/93,8.16
06/03/93,8.14
06/04/93,8.18
06/07/93,8.14
06/08/93,8.16
06/09/93,8.14
06/10/93,8.13
06/11/93,8.07
06/14/93,8.07
06/15/93,8.06
06/16/93,8.06
06/17/93,8.06
06/18/93,8.05
06/21/93,8.03
06/22/93,8.03
06/23/93,8.02
06/24/93,8.01
06/25/93,7.98
06/28/93,7.96
06/29/93,7.95
06/30/93,7.96
07/01/93,7.96
07/02/93,7.95
07/05/93,.
07/06/93,7.97
07/07/93,7.97
07/08/93,7.95
07/09/93,7.93
07/12/93,7.92
07/13/93,7.92
07/14/93,7.89
07/15/93,7.88
07/16/93,7.87
07/19/93,7.88
07/20/93,7.89
07/21/93,7.94
07/22/93,7.96
07/23/93,8
07/26/93,7.99
07/27/93,7.98
07/28/93,7.96
07/29/93,7.91
07/30/93,7.88
08/02/93,7.88
08/03/93,7.83
08/04/93,7.83
08/05/93,7.79
08/06/93,7.79
08/09/93,7.74
08/10/93,7.72
08/11/93,7.69
08/12/93,7.66
08/13/93,7.62
08/16/93,7.58
08/17/93,7.58
08/18/93,7.53
08/19/93,7.49
08/20/93,7.48
08/23/93,7.49
08/24/93,7.46
08/25/93,7.42
08/26/93,7.37
08/27/93,7.4
08/30/93,7.38
08/31/93,7.36
09/01/93,7.35
09/02/93,7.33
09/03/93,7.26
09/06/93,.
09/07/93,7.23
09/08/93,7.2
09/09/93,7.32
09/10/93,7.28
09/13/93,7.27
09/14/93,7.31
09/15/93,7.31
09/16/93,7.37
09/17/93,7.38
09/20/93,7.43
09/21/93,7.45
09/22/93,7.44
09/23/93,7.42
09/24/93,7.42
09/27/93,7.33
09/28/93,7.32
09/29/93,7.36
09/30/93,7.4
10/01/93,7.36
10/04/93,7.37
10/05/93,7.36
10/06/93,7.37
10/07/93,7.37
10/08/93,7.29
10/11/93,7.28
10/12/93,7.27
10/13/93,7.29
10/14/93,7.24
10/15/93,7.18
10/18/93,7.23
10/19/93,7.23
10/20/93,7.21
10/21/93,7.28
10/22/93,7.33
10/25/93,7.37
10/26/93,7.36
10/27/93,7.39
10/28/93,7.39
10/29/93,7.39
11/01/93,7.44
11/02/93,7.51
11/03/93,7.57
11/04/93,7.64
11/05/93,7.68
11/08/93,7.66
11/09/93,7.61
11/10/93,7.66
11/11/93,7.66
11/12/93,7.64
11/15/93,7.66
11/16/93,7.68
11/17/93,7.65
11/18/93,7.71
11/19/93,7.76
11/22/93,7.78
11/23/93,7.72
11/24/93,7.74
11/25/93,.
11/26/93,7.71
11/29/93,7.65
11/30/93,7.74
12/01/93,7.71
12/02/93,7.69
12/03/93,7.69
12/06/93,7.62
12/07/93,7.61
12/08/93,7.61
12/09/93,7.6
12/10/93,7.62
12/13/93,7.67
12/14/93,7.71
12/15/93,7.73
12/16/93,7.74
12/17/93,7.73
12/20/93,7.73
12/21/93,7.74
12/22/93,7.68
12/23/93,7.65
12/24/93,.
12/27/93,7.66
12/28/93,7.68
12/29/93,7.68
12/30/93,7.75
12/31/93,7.77
01/03/94,7.82
01/04/94,7.77
01/05/94,7.78
01/06/94,7.73
01/07/94,7.63
01/10/94,7.61
01/11/94,7.61
01/12/94,7.55
01/13/94,7.61
01/14/94,7.67
01/17/94,7.67
01/18/94,7.64
01/19/94,7.65
01/20/94,7.62
01/21/94,7.63
01/24/94,7.63
01/25/94,7.66
01/26/94,7.66
01/27/94,7.61
01/28/94,7.54
01/31/94,7.55
02/01/94,7.61
02/02/94,7.6
02/03/94,7.63
02/04/94,7.68
02/07/94,7.7
02/08/94,7.74
02/09/94,7.73
02/10/94,7.73
02/11/94,7.7
02/14/94,7.71
02/15/94,7.72
02/16/94,7.72
02/17/94,7.79
02/18/94,7.87
02/21/94,.
02/22/94,7.85
02/23/94,7.9
02/24/94,7.96
02/25/94,7.95
02/28/94,7.92
03/01/94,8
03/02/94,8.01
03/03/94,8.06
03/04/94,8.08
03/07/94,8.02
03/08/94,8.05
03/09/94,8.06
03/10/94,8.15
03/11/94,8.14
03/14/94,8.15
03/15/94,8.11
03/16/94,8.06
03/17/94,8.05
03/18/94,8.12
03/21/94,8.19
03/22/94,8.08
03/23/94,8.08
03/24/94,8.18
03/25/94,8.2
03/28/94,8.22
03/29/94,8.28
03/30/94,8.32
03/31/94,8.36
04/01/94,.
04/04/94,8.68
04/05/94,8.55
04/06/94,8.53
04/07/94,8.49
04/08/94,8.53
04/11/94,8.51
04/12/94,8.46
04/13/94,8.51
04/14/94,8.53
04/15/94,8.54
04/18/94,8.65
04/19/94,8.61
04/20/94,8.58
04/21/94,8.46
04/22/94,8.46
04/25/94,8.39
04/26/94,8.37
04/27/94,.
04/28/94,8.54
04/29/94,8.54
05/02/94,8.55
05/03/94,8.57
05/04/94,8.58
05/05/94,8.55
05/06/94,8.71
05/09/94,8.79
05/10/94,8.68
05/11/94,8.81
05/12/94,8.74
05/13/94,8.7
05/16/94,8.67
05/17/94,8.47
05/18/94,8.49
05/19/94,8.46
05/20/94,8.54
05/23/94,8.65
05/24/94,8.61
05/25/94,8.61
05/26/94,8.61
05/27/94,8.63
05/30/94,.
05/31/94,8.68
06/01/94,8.65
06/02/94,8.61
06/03/94,8.5
06/06/94,8.46
06/07/94,8.49
06/08/94,8.52
06/09/94,8.51
06/10/94,8.56
06/13/94,8.63
06/14/94,8.56
06/15/94,8.62
06/16/94,8.63
06/17/94,8.72
06/20/94,8.74
06/21/94,8.77
06/22/94,8.68
06/23/94,8.67
06/24/94,8.77
06/27/94,8.73
06/28/94,8.79
06/29/94,8.78
06/30/94,8.86
07/01/94,8.85
07/04/94,.
07/05/94,8.84
07/06/94,8.86
07/07/94,8.83
07/08/94,8.93
07/11/94,8.96
07/12/94,8.93
07/13/94,8.91
07/14/94,8.76
07/15/94,8.76
07/18/94,8.72
07/19/94,8.7
07/20/94,8.77
07/21/94,8.77
07/22/94,8.78
07/25/94,8.76
07/26/94,8.77
07/27/94,8.81
07/28/94,8.75
07/29/94,8.61
08/01/94,8.63
08/02/94,8.6
08/03/94,8.6
08/04/94,8.61
08/05/94,8.75
08/08/94,8.73
08/09/94,8.79
08/10/94,8.79
08/11/94,8.85
08/12/94,8.78
08/15/94,8.78
08/16/94,8.69
08/17/94,8.66
08/18/94,8.75
08/19/94,8.78
08/22/94,8.82
08/23/94,8.8
08/24/94,8.75
08/25/94,8.81
08/26/94,8.77
08/29/94,8.78
08/30/94,8.75
08/31/94,8.74
09/01/94,8.74
09/02/94,8.77
09/05/94,.
09/06/94,8.83
09/07/94,8.85
09/08/94,8.85
09/09/94,8.98
09/12/94,8.97
09/13/94,8.98
09/14/94,8.93
09/15/94,8.91
09/16/94,9.04
09/19/94,9.01
09/20/94,9.04
09/21/94,9.05
09/22/94,9.03
09/23/94,9.05
09/26/94,9.05
09/27/94,9.1
09/28/94,9.08
09/29/94,9.16
09/30/94,9.12
10/03/94,9.16
10/04/94,9.17
10/05/94,9.24
10/06/94,9.24
10/07/94,9.21
10/10/94,9.21
10/11/94,9.13
10/12/94,9.16
10/13/94,9.1
10/14/94,9.1
10/17/94,9.13
10/18/94,9.12
10/19/94,9.16
10/20/94,9.25
10/21/94,9.25
10/24/94,9.3
10/25/94,9.32
10/26/94,9.32
10/27/94,9.3
10/28/94,9.22
10/31/94,9.21
11/01/94,9.31
11/02/94,9.32
11/03/94,9.36
11/04/94,9.39
11/07/94,9.42
11/08/94,9.37
11/09/94,9.32
11/10/94,9.37
11/11/94,9.37
11/14/94,9.33
11/15/94,9.26
11/16/94,9.32
11/17/94,9.4
11/18/94,9.36
11/21/94,9.37
11/22/94,9.32
11/23/94,9.17
11/24/94,.
11/25/94,9.18
11/28/94,9.21
11/29/94,9.26
11/30/94,9.21
12/01/94,9.23
12/02/94,9.14
12/05/94,9.16
12/06/94,9.08
12/07/94,9.13
12/08/94,9.11
12/09/94,9.08
12/12/94,9.14
12/13/94,9.11
12/14/94,9.07
12/15/94,9.1
12/16/94,9.09
12/19/94,9.08
12/20/94,9.08
12/21/94,9.07
12/22/94,9.11
12/23/94,9.08
12/26/94,.
12/27/94,9.01
12/28/94,9.06
12/29/94,9.1
12/30/94,9.14
01/02/95,.
01/03/95,9.17
01/04/95,9.1
01/05/95,9.15
01/06/95,9.09
01/09/95,9.14
01/10/95,9.1
01/11/95,9.1
01/12/95,9.12
01/13/95,9.04
01/16/95,9.04
01/17/95,9.04
01/18/95,9.03
01/19/95,9.06
01/20/95,9.13
01/23/95,9.16
01/24/95,9.16
01/25/95,9.12
01/26/95,9.07
01/27/95,8.97
01/30/95,8.96
01/31/95,8.93
02/01/95,8.94
02/02/95,8.97
02/03/95,8.81
02/06/95,8.85
02/07/95,8.84
02/08/95,8.86
02/09/95,8.88
02/10/95,8.94
02/13/95,8.93
02/14/95,8.87
02/15/95,8.82
02/16/95,8.82
02/17/95,8.83
02/20/95,.
02/21/95,8.85
02/22/95,8.8
02/23/95,8.81
02/24/95,8.82
02/27/95,8.76
02/28/95,8.75
03/01/95,8.72
03/02/95,8.77
03/03/95,8.82
03/06/95,8.87
03/07/95,8.9
03/08/95,8.8
03/09/95,8.78
03/10/95,8.7
03/13/95,8.68
03/14/95,8.59
03/15/95,8.62
03/16/95,8.58
03/17/95,8.64
03/20/95,8.65
03/21/95,8.68
03/22/95,8.74
03/23/95,8.72
03/24/95,8.64
03/27/95,8.59
03/28/95,8.65
03/29/95,8.64
03/30/95,8.66
03/31/95,8.69
04/03/95,8.64
04/04/95,8.61
04/05/95,8.62
04/06/95,8.61
04/07/95,8.63
04/10/95,8.64
04/11/95,8.63
04/12/95,8.61
04/13/95,8.58
04/14/95,.
04/17/95,8.6
04/18/95,8.62
04/19/95,8.6
04/20/95,8.57
04/21/95,8.59
04/24/95,8.56
04/25/95,8.56
04/26/95,8.56
04/27/95,8.57
04/28/95,8.58
05/01/95,8.57
05/02/95,8.53
05/03/95,8.48
05/04/95,8.38
05/05/95,8.27
05/08/95,8.27
05/09/95,8.22
05/10/95,8.24
05/11/95,8.26
05/12/95,8.25
05/15/95,8.2
05/16/95,8.13
05/17/95,8.1
05/18/95,8.16
05/19/95,8.15
05/22/95,8.16
05/23/95,8.13
05/24/95,8.03
05/25/95,8
05/26/95,8.03
05/29/95,.
05/30/95,7.95
05/31/95,7.96
06/01/95,7.91
06/02/95,7.81
06/05/95,7.81
06/06/95,7.8
06/07/95,7.85
06/08/95,7.87
06/09/95,8.02
06/12/95,8.03
06/13/95,7.94
06/14/95,7.93
06/15/95,7.96
06/16/95,7.97
06/19/95,7.9
06/20/95,7.91
06/21/95,7.9
06/22/95,7.8
06/23/95,7.84
06/26/95,7.87
06/27/95,7.89
06/28/95,7.86
06/29/95,7.99
06/30/95,7.95
07/03/95,7.95
07/04/95,.
07/05/95,7.95
07/06/95,7.87
07/07/95,7.84
07/10/95,7.84
07/11/95,7.88
07/12/95,7.89
07/13/95,7.87
07/14/95,7.92
07/17/95,7.98
07/18/95,8.02
07/19/95,8.18
07/20/95,8.19
07/21/95,8.27
07/24/95,8.24
07/25/95,8.17
07/26/95,8.19
07/27/95,8.15
07/28/95,8.2
07/31/95,8.17
08/01/95,8.23
08/02/95,8.16
08/03/95,8.21
08/04/95,8.2
08/07/95,8.18
08/08/95,8.17
08/09/95,8.21
08/10/95,8.24
08/11/95,8.3
08/14/95,8.3
08/15/95,8.27
08/16/95,8.23
08/17/95,8.25
08/18/95,8.25
08/21/95,8.21
08/22/95,8.23
08/23/95,8.26
08/24/95,8.19
08/25/95,8.13
08/28/95,8.07
08/29/95,8.08
08/30/95,8.06
08/31/95,8.01
09/01/95,7.98
09/04/95,.
09/05/95,7.93
09/06/95,7.94
09/07/95,7.95
09/08/95,7.98
09/11/95,7.96
09/12/95,7.92
09/13/95,7.92
09/14/95,7.87
09/15/95,7.88
09/18/95,7.93
09/19/95,7.9
09/20/95,7.87
09/21/95,7.96
09/22/95,7.97
09/25/95,7.95
09/26/95,7.97
09/27/95,7.98
09/28/95,7.95
09/29/95,7.88
10/02/95,7.85
10/03/95,7.84
10/04/95,7.82
10/05/95,7.79
10/06/95,7.78
10/09/95,7.78
10/10/95,7.77
10/11/95,7.8
10/12/95,7.77
10/13/95,7.67
10/16/95,7.69
10/17/95,7.7
10/18/95,7.71
10/19/95,7.69
10/20/95,7.73
10/23/95,7.76
10/24/95,7.72
10/25/95,7.68
10/26/95,7.75
10/27/95,7.75
10/30/95,7.75
10/31/95,7.73
11/01/95,7.71
11/02/95,7.66
11/03/95,7.67
11/06/95,7.69
11/07/95,7.73
11/08/95,7.67
11/09/95,7.71
11/10/95,7.74
11/13/95,7.69
11/14/95,7.69
11/15/95,7.73
11/16/95,7.67
11/17/95,7.67
11/20/95,7.69
11/21/95,7.72
11/22/95,7.72
11/23/95,.
11/24/95,7.69
11/27/95,7.65
11/28/95,7.66
11/29/95,7.65
11/30/95,7.57
12/01/95,7.54
12/04/95,7.46
12/05/95,7.47
12/06/95,7.48
12/07/95,7.51
12/08/95,7.49
12/11/95,7.46
12/12/95,7.49
12/13/95,7.51
12/14/95,7.5
12/15/95,7.52
12/18/95,7.59
12/19/95,7.53
12/20/95,7.53
12/21/95,7.54
12/22/95,7.49
12/25/95,.
12/26/95,7.47
12/27/95,7.44
12/28/95,7.41
12/29/95,7.38
01/01/96,.
01/02/96,7.38
01/03/96,7.37
01/04/96,7.44
01/05/96,7.5
01/08/96,7.49
01/09/96,7.46
01/10/96,7.57
01/11/96,7.56
01/12/96,7.54
01/15/96,7.55
01/16/96,7.5
01/17/96,7.43
01/18/96,7.39
01/19/96,7.38
01/22/96,7.45
01/23/96,7.48
01/24/96,7.45
01/25/96,7.49
01/26/96,7.47
01/29/96,7.49
01/30/96,7.44
01/31/96,7.42
02/01/96,7.46
02/02/96,7.5
02/05/96,7.52
02/06/96,7.49
02/07/96,7.49
02/08/96,7.51
02/09/96,7.5
02/12/96,7.44
02/13/96,7.42
02/14/96,7.46
02/15/96,7.55
02/16/96,7.63
02/19/96,.
02/20/96,7.76
02/21/96,7.76
02/22/96,7.75
02/23/96,7.81
02/26/96,7.82
02/27/96,7.87
02/28/96,7.88
02/29/96,7.91
03/01/96,7.81
03/04/96,7.78
03/05/96,7.81
03/06/96,7.88
03/07/96,7.9
03/08/96,8.12
03/11/96,8.06
03/12/96,8.1
03/13/96,8.08
03/14/96,8.08
03/15/96,8.16
03/18/96,8.15
03/19/96,8.12
03/20/96,8.1
03/21/96,8.06
03/22/96,8.09
03/25/96,8.02
03/26/96,8.03
03/27/96,8.12
03/28/96,8.17
03/29/96,8.12
04/01/96,8.1
04/02/96,8.06
04/03/96,8.08
04/04/96,8.1
04/05/96,8.25
04/08/96,8.34
04/09/96,8.26
04/10/96,8.33
04/11/96,8.34
04/12/96,8.22
04/15/96,8.19
04/16/96,8.16
04/17/96,8.19
04/18/96,8.22
04/19/96,8.18
04/22/96,8.13
04/23/96,8.16
04/24/96,8.18
04/25/96,8.18
04/26/96,8.17
04/29/96,8.2
04/30/96,8.27
05/01/96,8.29
05/02/96,8.43
05/03/96,8.48
05/06/96,8.46
05/07/96,8.45
05/08/96,8.38
05/09/96,8.39
05/10/96,8.32
05/13/96,8.29
05/14/96,8.24
05/15/96,8.23
05/16/96,8.27
05/17/96,8.22
05/20/96,8.19
05/21/96,8.21
05/22/96,8.18
05/23/96,8.23
05/24/96,8.21
05/27/96,.
05/28/96,8.21
05/29/96,8.27
05/30/96,8.27
05/31/96,8.33
06/03/96,8.35
06/04/96,8.35
06/05/96,8.33
06/06/96,8.25
06/07/96,8.41
06/10/96,8.43
06/11/96,8.45
06/12/96,8.51
06/13/96,8.51
06/14/96,8.44
06/17/96,8.4
06/18/96,8.43
06/19/96,8.44
06/20/96,8.46
06/21/96,8.46
06/24/96,8.42
06/25/96,8.4
06/26/96,8.38
06/27/96,8.34
06/28/96,8.24
07/01/96,8.24
07/02/96,8.26
07/03/96,8.27
07/04/96,.
07/05/96,8.49
07/08/96,8.49
07/09/96,8.46
07/10/96,8.44
07/11/96,8.38
07/12/96,8.34
07/15/96,8.38
07/16/96,8.34
07/17/96,8.34
07/18/96,8.26
07/19/96,8.29
07/22/96,8.34
07/23/96,8.3
07/24/96,8.37
07/25/96,8.36
07/26/96,8.34
07/29/96,8.4
07/30/96,8.38
07/31/96,8.3
08/01/96,8.19
08/02/96,8.08
08/05/96,8.08
08/06/96,8.08
08/07/96,8.09
08/08/96,8.11
08/09/96,8.04
08/12/96,8.05
08/13/96,8.09
08/14/96,8.14
08/15/96,8.15
08/16/96,8.11
08/19/96,8.13
08/20/96,8.14
08/21/96,8.18
08/22/96,8.19
08/23/96,8.26
08/26/96,8.32
08/27/96,8.31
08/28/96,8.32
08/29/96,8.36
08/30/96,8.44
09/02/96,.
09/03/96,8.4
09/04/96,8.44
09/05/96,8.46
09/06/96,8.42
09/09/96,8.41
09/10/96,8.45
09/11/96,8.45
09/12/96,8.4
09/13/96,8.28
09/16/96,8.27
09/17/96,8.32
09/18/96,8.34
09/19/96,8.36
09/20/96,8.34
09/23/96,8.34
09/24/96,8.32
09/25/96,8.27
09/26/96,8.2
09/27/96,8.21
09/30/96,8.22
10/01/96,8.17
10/02/96,8.14
10/03/96,8.14
10/04/96,8.03
10/07/96,8.07
10/08/96,8.07
10/09/96,8.12
10/10/96,8.16
10/11/96,8.1
10/14/96,.
10/15/96,8.11
10/16/96,8.12
10/17/96,8.07
10/18/96,8.02
10/21/96,8.04
10/22/96,8.06
10/23/96,8.08
10/24/96,8.1
10/25/96,8.06
10/28/96,8.07
10/29/96,7.95
10/30/96,7.93
10/31/96,7.91
11/01/96,7.94
11/04/96,7.92
11/05/96,7.87
11/06/96,7.86
11/07/96,7.81
11/08/96,7.82
11/11/96,.
11/12/96,7.75
11/13/96,7.77
11/14/96,7.73
11/15/96,7.76
11/18/96,7.78
11/19/96,7.75
11/20/96,7.72
11/21/96,7.71
11/22/96,7.77
11/25/96,7.75
11/26/96,7.77
11/27/96,7.77
11/28/96,.
11/29/96,7.71
12/02/96,7.73
12/03/96,7.73
12/04/96,7.77
12/05/96,7.85
12/06/96,7.88
12/09/96,7.83
12/10/96,7.84
12/11/96,7.94
12/12/96,7.96
12/13/96,7.91
12/16/96,7.97
12/17/96,8
12/18/96,8.02
12/19/96,7.95
12/20/96,7.92
12/23/96,7.92
12/24/96,7.91
12/25/96,.
12/26/96,7.92
12/27/96,7.87
12/30/96,7.86
12/31/96,7.97
01/01/97,.
01/02/97,8.06
01/03/97,8.05
01/06/97,8.07
01/07/97,8.12
01/08/97,8.13
01/09/97,8.06
01/10/97,8.15
01/13/97,8.11
01/14/97,8.04
01/15/97,8.04
01/16/97,8.09
01/17/97,8.08
01/20/97,8.08
01/21/97,8.08
01/22/97,8.08
01/23/97,8.09
01/24/97,8.15
01/27/97,8.18
01/28/97,8.15
01/29/97,8.14
01/30/97,8.12
01/31/97,8.03
02/03/97,7.98
02/04/97,7.96
02/05/97,7.98
02/06/97,8
02/07/97,7.97
02/10/97,7.97
02/11/97,7.91
02/12/97,7.92
02/13/97,7.86
02/14/97,7.81
02/17/97,.
02/18/97,7.82
02/19/97,7.85
02/20/97,7.89
02/21/97,7.91
02/24/97,7.93
02/25/97,7.94
02/26/97,8.06
02/27/97,8.08
02/28/97,8.05
03/03/97,8.09
03/04/97,8.1
03/05/97,8.09
03/06/97,8.13
03/07/97,8.1
03/10/97,8.09
03/11/97,8.11
03/12/97,8.12
03/13/97,8.22
03/14/97,8.19
03/17/97,8.2
03/18/97,8.2
03/19/97,8.25
03/20/97,8.24
03/21/97,8.23
03/24/97,8.2
03/25/97,8.22
03/26/97,8.23
03/27/97,8.32
03/28/97,.
03/31/97,8.32
04/01/97,8.31
04/02/97,8.31
04/03/97,8.31
04/04/97,8.38
04/07/97,8.34
04/08/97,8.35
04/09/97,8.35
04/10/97,8.35
04/11/97,8.4
04/14/97,8.4
04/15/97,8.33
04/16/97,8.34
04/17/97,8.31
04/18/97,8.32
04/21/97,8.35
04/22/97,8.31
04/23/97,8.34
04/24/97,8.36
04/25/97,8.39
04/28/97,8.38
04/29/97,8.26
04/30/97,8.22
05/01/97,8.21
05/02/97,8.21
05/05/97,8.18
05/06/97,8.16
05/07/97,8.22
05/08/97,8.18
05/09/97,8.17
05/12/97,8.16
05/13/97,8.19
05/14/97,8.17
05/15/97,8.15
05/16/97,8.17
05/19/97,8.18
05/20/97,8.18
05/21/97,8.23
05/22/97,8.25
05/23/97,8.25
05/26/97,.
05/27/97,8.29
05/28/97,8.28
05/29/97,8.25
05/30/97,8.18
06/02/97,8.16
06/03/97,8.14
06/04/97,8.13
06/05/97,8.14
06/06/97,8.06
06/09/97,8.1
06/10/97,8.12
06/11/97,8.1
06/12/97,8.01
06/13/97,7.97
06/16/97,7.95
06/17/97,7.97
06/18/97,7.94
06/19/97,7.94
06/20/97,7.89
06/23/97,7.94
06/24/97,7.93
06/25/97,7.96
06/26/97,8
06/27/97,7.97
06/30/97,8.01
07/01/97,7.96
07/02/97,7.94
07/03/97,7.86
07/04/97,.
07/07/97,7.82
07/08/97,7.81
07/09/97,7.78
07/10/97,7.79
07/11/97,7.77
07/14/97,7.78
07/15/97,7.78
07/16/97,7.73
07/17/97,7.73
07/18/97,7.76
07/21/97,7.79
07/22/97,7.69
07/23/97,7.66
07/24/97,7.67
07/25/97,7.69
07/28/97,7.66
07/29/97,7.63
07/30/97,7.58
07/31/97,7.56
08/01/97,7.69
08/04/97,7.73
08/05/97,7.73
08/06/97,7.71
08/07/97,7.74
08/08/97,7.89
08/11/97,7.86
08/12/97,7.87
08/13/97,7.88
08/14/97,7.85
08/15/97,7.85
08/18/97,7.84
08/19/97,7.83
08/20/97,7.83
08/21/97,7.85
08/22/97,7.88
08/25/97,7.91
08/26/97,7.83
08/27/97,7.82
08/28/97,7.78
08/29/97,7.78
09/01/97,.
09/02/97,7.77
09/03/97,7.78
09/04/97,7.78
09/05/97,7.81
09/08/97,7.8
09/09/97,7.8
09/10/97,7.82
09/11/97,7.85
09/12/97,7.77
09/15/97,7.77
09/16/97,7.67
09/17/97,7.64
09/18/97,7.64
09/19/97,7.64
09/22/97,7.62
09/23/97,7.64
09/24/97,7.59
09/25/97,7.65
09/26/97,7.63
09/29/97,7.64
09/30/97,7.66
10/01/97,7.59
10/02/97,7.58
10/03/97,7.58
10/06/97,7.56
10/07/97,7.53
10/08/97,7.63
10/09/97,7.63
10/10/97,7.66
10/13/97,.
10/14/97,7.62
10/15/97,7.64
10/16/97,7.64
10/17/97,7.64
10/20/97,7.67
10/21/97,7.59
10/22/97,7.59
10/23/97,7.49
10/24/97,7.49
10/27/97,7.52
10/28/97,7.54
10/29/97,7.5
10/30/97,7.45
10/31/97,7.44
11/03/97,7.47
11/04/97,7.46
11/05/97,7.5
11/06/97,7.46
11/07/97,7.46
11/10/97,7.46
11/11/97,.
11/12/97,7.45
11/13/97,7.42
11/14/97,7.42
11/17/97,7.41
11/18/97,7.39
11/19/97,7.36
11/20/97,7.38
11/21/97,7.37
11/24/97,7.4
11/25/97,7.38
11/26/97,7.37
11/27/97,.
11/28/97,7.38
12/01/97,7.35
12/02/97,7.35
12/03/97,7.35
12/04/97,7.36
12/05/97,7.4
12/08/97,7.43
12/09/97,7.45
12/10/97,7.42
12/11/97,7.35
12/12/97,7.3
12/15/97,7.32
12/16/97,7.3
12/17/97,7.33
12/18/97,7.29
12/19/97,7.26
12/22/97,7.25
12/23/97,7.26
12/24/97,7.26
12/25/97,.
12/26/97,7.26
12/29/97,7.28
12/30/97,7.32
12/31/97,7.28
01/01/98,.
01/02/98,7.21
01/05/98,7.12
01/06/98,7.12
01/07/98,7.17
01/08/98,7.13
01/09/98,7.11
01/12/98,7.1
01/13/98,7.12
01/14/98,7.13
01/15/98,7.14
01/16/98,7.21
01/19/98,.
01/20/98,7.21
01/21/98,7.2
01/22/98,7.23
01/23/98,7.33
01/26/98,7.28
01/27/98,7.32
01/28/98,7.34
01/29/98,7.25
01/30/98,7.21
02/02/98,7.25
02/03/98,7.25
02/04/98,7.25
02/05/98,7.3
02/06/98,7.3
02/09/98,7.34
02/10/98,7.31
02/11/98,7.25
02/12/98,7.25
02/13/98,7.21
02/16/98,.
02/17/98,7.17
02/18/98,7.19
02/19/98,7.2
02/20/98,7.22
02/23/98,7.24
02/24/98,7.3
02/25/98,7.27
02/26/98,7.28
02/27/98,7.29
03/02/98,7.37
03/03/98,7.41
03/04/98,7.4
03/05/98,7.43
03/06/98,7.37
03/09/98,7.33
03/10/98,7.32
03/11/98,7.32
03/12/98,7.25
03/13/98,7.27
03/16/98,7.24
03/17/98,7.27
03/18/98,7.27
03/19/98,7.29
03/20/98,7.27
03/23/98,7.27
03/24/98,7.27
03/25/98,7.31
03/26/98,7.32
03/27/98,7.34
03/30/98,7.36
03/31/98,7.34
04/01/98,7.32
04/02/98,7.27
04/03/98,7.21
04/06/98,7.24
04/07/98,7.26
04/08/98,7.32
04/09/98,7.3
04/10/98,.
04/13/98,7.35
04/14/98,7.33
04/15/98,7.31
04/16/98,7.29
04/17/98,7.29
04/20/98,7.33
04/21/98,7.35
04/22/98,7.37
04/23/98,7.37
04/24/98,7.35
04/27/98,7.45
04/28/98,7.44
04/29/98,7.45
04/30/98,7.34
05/01/98,7.33
05/04/98,7.33
05/05/98,7.36
05/06/98,7.33
05/07/98,7.34
05/08/98,7.34
05/11/98,7.41
05/12/98,7.34
05/13/98,7.33
05/14/98,7.35
05/15/98,7.31
05/18/98,7.27
05/19/98,7.29
05/20/98,7.25
05/21/98,7.28
05/22/98,7.26
05/25/98,.
05/26/98,7.22
05/27/98,7.21
05/28/98,7.21
05/29/98,7.19
06/01/98,7.17
06/02/98,7.19
06/03/98,7.19
06/04/98,7.2
06/05/98,7.18
06/08/98,7.18
06/09/98,7.18
06/10/98,7.12
06/11/98,7.08
06/12/98,7.08
06/15/98,7.04
06/16/98,7.08
06/17/98,7.15
06/18/98,7.12
06/19/98,7.12
06/22/98,7.1
06/23/98,7.12
06/24/98,7.14
06/25/98,7.14
06/26/98,7.13
06/29/98,7.13
06/30/98,7.11
07/01/98,7.11
07/02/98,7.09
07/03/98,.
07/06/98,7.07
07/07/98,7.09
07/08/98,7.11
07/09/98,7.09
07/10/98,7.1
07/13/98,7.15
07/14/98,7.18
07/15/98,7.17
07/16/98,7.18
07/17/98,7.19
07/20/98,7.18
07/21/98,7.14
07/22/98,7.15
07/23/98,7.14
07/24/98,7.15
07/27/98,7.17
07/28/98,7.17
07/29/98,7.23
07/30/98,7.21
07/31/98,7.21
08/03/98,7.16
08/04/98,7.15
08/05/98,7.15
08/06/98,7.16
08/07/98,7.13
08/10/98,7.13
08/11/98,7.11
08/12/98,7.15
08/13/98,7.17
08/14/98,7.14
08/17/98,7.14
08/18/98,7.14
08/19/98,7.16
08/20/98,7.12
08/21/98,7.12
08/24/98,7.12
08/25/98,7.15
08/26/98,7.17
08/27/98,7.17
08/28/98,7.16
08/31/98,7.11
09/01/98,7.14
09/02/98,7.14
09/03/98,7.11
09/04/98,7.09
09/07/98,.
09/08/98,7.13
09/09/98,7.08
09/10/98,7.01
09/11/98,7.08
09/14/98,7.11
09/15/98,7.12
09/16/98,7.12
09/17/98,7.09
09/18/98,7.07
09/21/98,7.07
09/22/98,7.08
09/23/98,7.07
09/24/98,7.06
09/25/98,7.08
09/28/98,7.1
09/29/98,7.09
09/30/98,7.01
10/01/98,6.95
10/02/98,6.91
10/05/98,6.85
10/06/98,6.9
10/07/98,6.96
10/08/98,7.21
10/09/98,7.33
10/12/98,.
10/13/98,7.31
10/14/98,7.23
10/15/98,7.26
10/16/98,7.21
10/19/98,7.21
10/20/98,7.27
10/21/98,7.26
10/22/98,7.31
10/23/98,7.34
10/26/98,7.3
10/27/98,7.24
10/28/98,7.26
10/29/98,7.23
10/30/98,7.29
11/02/98,7.38
11/03/98,7.38
11/04/98,7.43
11/05/98,7.43
11/06/98,7.47
11/09/98,7.34
11/10/98,7.35
11/11/98,.
11/12/98,7.33
11/13/98,7.34
11/16/98,7.37
11/17/98,7.36
11/18/98,7.35
11/19/98,7.31
11/20/98,7.28
11/23/98,7.3
11/24/98,7.29
11/25/98,7.27
11/26/98,.
11/27/98,7.25
11/30/98,7.19
12/01/98,7.18
12/02/98,7.16
12/03/98,7.18
12/04/98,7.22
12/07/98,7.22
12/08/98,7.19
12/09/98,7.16
12/10/98,7.16
12/11/98,7.21
12/14/98,7.19
12/15/98,7.22
12/16/98,7.2
12/17/98,7.2
12/18/98,7.23
12/21/98,7.23
12/22/98,7.27
12/23/98,7.32
12/24/98,7.36
12/25/98,.
12/28/98,7.31
12/29/98,7.28
12/30/98,7.26
12/31/98,7.23
01/01/99,.
01/04/99,7.3
01/05/99,7.35
01/06/99,7.32
01/07/99,7.34
01/08/99,7.37
01/11/99,7.38
01/12/99,7.35
01/13/99,7.29
01/14/99,7.23
01/15/99,7.27
01/18/99,.
01/19/99,7.27
01/20/99,7.29
01/21/99,7.27
01/22/99,7.23
01/25/99,7.25
01/26/99,7.26
01/27/99,7.26
01/28/99,7.23
01/29/99,7.21
02/01/99,7.28
02/02/99,7.32
02/03/99,7.32
02/04/99,7.37
02/05/99,7.39
02/08/99,7.39
02/09/99,7.36
02/10/99,7.36
02/11/99,7.37
02/12/99,7.37
02/15/99,.
02/16/99,7.37
02/17/99,7.35
02/18/99,7.39
02/19/99,7.41
02/22/99,7.37
02/23/99,7.41
02/24/99,7.47
02/25/99,7.56
02/26/99,7.53
03/01/99,7.61
03/02/99,7.58
03/03/99,7.63
03/04/99,7.64
03/05/99,7.58
03/08/99,7.56
03/09/99,7.5
03/10/99,7.51
03/11/99,7.52
03/12/99,7.49
03/15/99,7.47
03/16/99,7.45
03/17/99,7.48
03/18/99,7.47
03/19/99,7.5
03/22/99,7.53
03/23/99,7.53
03/24/99,7.5
03/25/99,7.53
03/26/99,7.54
03/29/99,7.57
03/30/99,7.53
03/31/99,7.56
04/01/99,7.59
04/02/99,7.53
04/05/99,7.52
04/06/99,7.47
04/07/99,7.47
04/08/99,7.4
04/09/99,7.4
04/12/99,7.4
04/13/99,7.43
04/14/99,7.44
04/15/99,7.45
04/16/99,7.5
04/19/99,7.47
04/20/99,7.45
04/21/99,7.46
04/22/99,7.52
04/23/99,7.52
04/26/99,7.5
04/27/99,7.48
04/28/99,7.5
04/29/99,7.46
04/30/99,7.58
05/03/99,7.58
05/04/99,7.63
05/05/99,7.61
05/06/99,7.69
05/07/99,7.71
05/10/99,7.67
05/11/99,7.71
05/12/99,7.7
05/13/99,7.61
05/14/99,7.74
05/17/99,7.75
05/18/99,7.79
05/19/99,7.74
05/20/99,7.81
05/21/99,7.75
05/24/99,7.77
05/25/99,7.76
05/26/99,7.79
05/27/99,7.81
05/28/99,7.82
05/31/99,.
06/01/99,7.9
06/02/99,7.9
06/03/99,7.92
06/04/99,7.94
06/07/99,7.94
06/08/99,7.96
06/09/99,7.97
06/10/99,8.01
06/11/99,8.09
06/14/99,8.06
06/15/99,8.07
06/16/99,8.05
06/17/99,7.94
06/18/99,7.97
06/21/99,8.02
06/22/99,8.06
06/23/99,8.1
06/24/99,8.15
06/25/99,8.15
06/28/99,8.09
06/29/99,8.05
06/30/99,7.99
07/01/99,7.98
07/02/99,7.96
07/05/99,.
07/06/99,8
07/07/99,8
07/08/99,7.96
07/09/99,7.95
07/12/99,7.86
07/13/99,7.85
07/14/99,7.87
07/15/99,7.87
07/16/99,7.85
07/19/99,7.85
07/20/99,7.84
07/21/99,7.9
07/22/99,7.96
07/23/99,8.02
07/26/99,8.02
07/27/99,7.99
07/28/99,7.99
07/29/99,8.08
07/30/99,8.11
08/02/99,8.11
08/03/99,8.14
08/04/99,8.12
08/05/99,8.07
08/06/99,8.21
08/09/99,8.27
08/10/99,8.29
08/11/99,8.26
08/12/99,8.3
08/13/99,8.24
08/16/99,8.19
08/17/99,8.13
08/18/99,8.12
08/19/99,8.13
08/20/99,8.11
08/23/99,8.1
08/24/99,8.1
08/25/99,8
08/26/99,8.02
08/27/99,8.09
08/30/99,8.18
08/31/99,8.21
09/01/99,8.22
09/02/99,8.27
09/03/99,8.17
09/06/99,.
09/07/99,8.21
09/08/99,8.2
09/09/99,8.23
09/10/99,8.16
09/13/99,8.19
09/14/99,8.21
09/15/99,8.19
09/16/99,8.16
09/17/99,8.15
09/20/99,8.19
09/21/99,8.21
09/22/99,8.2
09/23/99,8.2
09/24/99,8.16
09/27/99,8.21
09/28/99,8.24
09/29/99,8.28
09/30/99,8.2
10/01/99,8.26
10/04/99,8.23
10/05/99,8.29
10/06/99,8.28
10/07/99,8.29
10/08/99,8.3
10/11/99,.
10/12/99,8.35
10/13/99,8.41
10/14/99,8.45
10/15/99,8.4
10/18/99,8.43
10/19/99,8.43
10/20/99,8.43
10/21/99,8.47
10/22/99,8.46
10/25/99,8.47
10/26/99,8.48
10/27/99,8.45
10/28/99,8.38
10/29/99,8.3
11/01/99,8.33
11/02/99,8.3
11/03/99,8.28
11/04/99,8.23
11/05/99,8.19
11/08/99,8.2
11/09/99,8.13
11/10/99,8.13
11/11/99,8.12
11/12/99,8.06
11/15/99,8.03
11/16/99,8.01
11/17/99,8.08
11/18/99,8.1
11/19/99,8.09
11/22/99,8.12
11/23/99,8.12
11/24/99,8.11
11/25/99,.
11/26/99,8.13
11/29/99,8.2
11/30/99,8.17
12/01/99,8.18
12/02/99,8.19
12/03/99,8.13
12/06/99,8.12
12/07/99,8.08
12/08/99,8.1
12/09/99,8.09
12/10/99,8.03
12/13/99,8.06
12/14/99,8.16
12/15/99,8.18
12/16/99,8.24
12/17/99,8.23
12/20/99,8.27
12/21/99,8.3
12/22/99,8.28
12/23/99,8.29
12/24/99,.
12/27/99,8.26
12/28/99,8.28
12/29/99,8.24
12/30/99,8.23
12/31/99,8.18
01/03/00,8.27
01/04/00,8.21
01/05/00,8.29
01/06/00,8.24
01/07/00,8.22
01/10/00,8.27
01/11/00,8.36
01/12/00,8.4
01/13/00,8.38
01/14/00,8.42
01/17/00,.
01/18/00,8.47
01/19/00,8.43
01/20/00,8.45
01/21/00,8.42
01/24/00,8.36
01/25/00,8.33
01/26/00,8.28
01/27/00,8.23
01/28/00,8.26
01/31/00,8.36
02/01/00,8.27
02/02/00,8.22
02/03/00,8.13
02/04/00,8.13
02/07/00,8.3
02/08/00,8.18
02/09/00,8.26
02/10/00,8.39
02/11/00,8.36
02/14/00,8.3
02/15/00,8.33
02/16/00,8.35
02/17/00,8.33
02/18/00,8.31
02/21/00,.
02/22/00,8.24
02/23/00,8.28
02/24/00,8.3
02/25/00,8.35
02/28/00,8.38
02/29/00,8.33
03/01/00,8.35
03/02/00,8.35
03/03/00,8.32
03/06/00,8.33
03/07/00,8.34
03/08/00,8.36
03/09/00,8.4
03/10/00,8.48
03/13/00,8.53
03/14/00,8.46
03/15/00,8.46
03/16/00,8.42
03/17/00,8.36
03/20/00,8.32
03/21/00,8.31
03/22/00,8.33
03/23/00,8.28
03/24/00,8.33
03/27/00,8.32
03/28/00,8.33
03/29/00,8.38
03/30/00,8.36
03/31/00,8.33
04/03/00,8.3
04/04/00,8.28
04/05/00,8.35
04/06/00,8.32
04/07/00,8.26
04/10/00,8.24
04/11/00,8.34
04/12/00,8.41
04/13/00,8.39
04/14/00,8.38
04/17/00,8.51
04/18/00,8.48
04/19/00,8.41
04/20/00,8.4
04/21/00,.
04/24/00,8.42
04/25/00,8.5
04/26/00,8.51
04/27/00,8.57
04/28/00,8.57
05/01/00,8.59
05/02/00,8.64
05/03/00,8.74
05/04/00,8.84
05/05/00,8.87
05/08/00,8.92
05/09/00,8.89
05/10/00,8.88
05/11/00,8.92
05/12/00,9.03
05/15/00,8.99
05/16/00,8.94
05/17/00,9.01
05/18/00,9.08
05/19/00,9.06
05/22/00,9.01
05/23/00,9
05/24/00,8.99
05/25/00,8.89
05/26/00,8.84
05/29/00,.
05/30/00,8.87
05/31/00,8.81
06/01/00,8.71
06/02/00,8.65
06/05/00,8.56
06/06/00,8.53
06/07/00,8.49
06/08/00,8.48
06/09/00,8.47
06/12/00,8.44
06/13/00,8.47
06/14/00,8.41
06/15/00,8.41
06/16/00,8.36
06/19/00,8.38
06/20/00,8.39
06/21/00,8.46
06/22/00,8.49
06/23/00,8.53
06/26/00,8.52
06/27/00,8.48
06/28/00,8.51
06/29/00,8.44
06/30/00,8.43
07/03/00,8.41
07/04/00,.
07/05/00,8.39
07/06/00,8.43
07/07/00,8.38
07/10/00,8.38
07/11/00,8.39
07/12/00,8.38
07/13/00,8.31
07/14/00,8.34
07/17/00,8.39
07/18/00,8.38
07/19/00,8.4
07/20/00,8.3
07/21/00,8.28
07/24/00,8.3
07/25/00,8.3
07/26/00,8.31
07/27/00,8.26
07/28/00,8.29
07/31/00,8.31
08/01/00,8.27
08/02/00,8.28
08/03/00,8.26
08/04/00,8.24
08/07/00,8.26
08/08/00,8.24
08/09/00,8.25
08/10/00,8.23
08/11/00,8.24
08/14/00,8.23
08/15/00,8.24
08/16/00,8.25
08/17/00,8.27
08/18/00,8.24
08/21/00,8.26
08/22/00,8.29
08/23/00,8.26
08/24/00,8.22
08/25/00,8.23
08/28/00,8.27
08/29/00,8.3
08/30/00,8.3
08/31/00,8.24
09/01/00,8.22
09/04/00,.
09/05/00,8.22
09/06/00,8.26
09/07/00,8.27
09/08/00,8.25
09/11/00,8.29
09/12/00,8.34
09/13/00,8.32
09/14/00,8.37
09/15/00,8.44
09/18/00,8.49
09/19/00,8.43
09/20/00,8.46
09/21/00,8.43
09/22/00,8.4
09/25/00,8.37
09/26/00,8.33
09/27/00,8.37
09/28/00,8.32
09/29/00,8.34
10/02/00,8.41
10/03/00,8.41
10/04/00,8.41
10/05/00,8.39
10/06/00,8.35
10/09/00,.
10/10/00,8.34
10/11/00,8.38
10/12/00,8.37
10/13/00,8.37
10/16/00,8.37
10/17/00,8.32
10/18/00,8.34
10/19/00,8.32
10/20/00,8.29
10/23/00,8.27
10/24/00,8.29
10/25/00,8.32
10/26/00,8.29
10/27/00,8.3
10/30/00,8.3
10/31/00,8.33
11/01/00,8.31
11/02/00,8.28
11/03/00,8.35
11/06/00,8.37
11/07/00,8.37
11/08/00,8.35
11/09/00,8.32
11/10/00,8.32
11/13/00,8.29
11/14/00,8.28
11/15/00,8.24
11/16/00,8.22
11/17/00,8.29
11/20/00,8.29
11/21/00,8.31
11/22/00,8.23
11/23/00,.
11/24/00,8.26
11/27/00,8.29
11/28/00,8.19
11/29/00,8.18
11/30/00,8.12
12/01/00,8.18
12/04/00,8.19
12/05/00,8.12
12/06/00,8.05
12/07/00,8.04
12/08/00,8.09
12/11/00,8.08
12/12/00,8.08
12/13/00,8.03
12/14/00,8
12/15/00,7.97
12/18/00,7.98
12/19/00,8
12/20/00,7.95
12/21/00,7.92
12/22/00,7.92
12/25/00,.
12/26/00,7.93
12/27/00,7.97
12/28/00,7.96
12/29/00,8
01/01/01,.
01/02/01,7.91
01/03/01,7.97
01/04/01,7.94
01/05/01,7.92
01/08/01,7.88
01/09/01,7.9
01/10/01,7.93
01/11/01,7.99
01/12/01,8.05
01/15/01,.
01/16/01,7.97
01/17/01,7.91
01/18/01,7.84
01/19/01,7.89
01/22/01,7.96
01/23/01,7.97
01/24/01,7.94
01/25/01,7.92
01/26/01,7.94
01/29/01,7.97
01/30/01,7.89
01/31/01,7.81
02/01/01,7.73
02/02/01,7.8
02/05/01,7.77
02/06/01,7.8
02/07/01,7.87
02/08/01,7.88
02/09/01,7.82
02/12/01,7.87
02/13/01,7.89
02/14/01,7.9
02/15/01,7.96
02/16/01,7.92
02/19/01,.
02/20/01,7.92
02/21/01,7.96
02/22/01,7.99
02/23/01,7.96
02/26/01,7.94
02/27/01,7.82
02/28/01,7.8
03/01/01,7.75
03/02/01,7.82
03/05/01,7.81
03/06/01,7.84
03/07/01,7.77
03/08/01,7.76
03/09/01,7.77
03/12/01,7.78
03/13/01,7.8
03/14/01,7.82
03/15/01,7.84
03/16/01,7.81
03/19/01,7.84
03/20/01,7.84
03/21/01,7.83
03/22/01,7.8
03/23/01,7.84
03/26/01,7.9
03/27/01,7.98
03/28/01,8
03/29/01,8
03/30/01,7.97
04/02/01,7.98
04/03/01,7.97
04/04/01,7.98
04/05/01,8.01
04/06/01,7.95
04/09/01,7.97
04/10/01,8.08
04/11/01,8.08
04/12/01,8.09
04/13/01,.
04/16/01,8.18
04/17/01,8.14
04/18/01,8.09
04/19/01,8.18
04/20/01,8.16
04/23/01,8.1
04/24/01,8.07
04/25/01,8.13
04/26/01,8.03
04/27/01,8.1
04/30/01,8.08
05/01/01,8.05
05/02/01,8.01
05/03/01,7.92
05/04/01,7.94
05/07/01,7.96
05/08/01,8
05/09/01,7.96
05/10/01,8.05
05/11/01,8.18
05/14/01,8.14
05/15/01,8.19
05/16/01,8.14
05/17/01,8.07
05/18/01,8.03
05/21/01,8.02
05/22/01,8.05
05/23/01,8.1
05/24/01,8.17
05/25/01,8.17
05/28/01,.
05/29/01,8.18
05/30/01,8.17
05/31/01,8.08
06/01/01,8.02
06/04/01,8
06/05/01,7.95
06/06/01,7.96
06/07/01,8.01
06/08/01,8.03
06/11/01,7.98
06/12/01,7.95
06/13/01,7.95
06/14/01,7.93
06/15/01,7.98
06/18/01,8
06/19/01,7.99
06/20/01,7.98
06/21/01,7.96
06/22/01,7.89
06/25/01,7.91
06/26/01,7.96
06/27/01,7.94
06/28/01,8.01
06/29/01,8.07
07/02/01,8.04
07/03/01,8.08
07/04/01,.
07/05/01,8.11
07/06/01,8.1
07/09/01,8.06
07/10/01,8.03
07/11/01,8.05
07/12/01,8.01
07/13/01,7.98
07/16/01,7.95
07/17/01,7.95
07/18/01,7.9
07/19/01,7.91
07/20/01,7.92
07/23/01,7.9
07/24/01,7.87
07/25/01,7.94
07/26/01,7.95
07/27/01,7.9
07/30/01,7.87
07/31/01,7.85
08/01/01,7.87
08/02/01,7.91
08/03/01,7.92
08/06/01,7.94
08/07/01,7.94
08/08/01,7.87
08/09/01,7.88
08/10/01,7.86
08/13/01,7.86
08/14/01,7.86
08/15/01,7.86
08/16/01,7.84
08/17/01,7.81
08/20/01,7.84
08/21/01,7.85
08/22/01,7.85
08/23/01,7.81
08/24/01,7.84
08/27/01,7.85
08/28/01,7.8
08/29/01,7.75
08/30/01,7.76
08/31/01,7.75
09/03/01,.
09/04/01,7.87
09/05/01,7.87
09/06/01,7.8
09/07/01,7.79
09/10/01,7.83
09/11/01,.
09/12/01,.
09/13/01,7.8
09/14/01,7.93
09/17/01,8.08
09/18/01,8.2
09/19/01,8.21
09/20/01,8.27
09/21/01,8.23
09/24/01,8.21
09/25/01,8.2
09/26/01,8.11
09/27/01,8.05
09/28/01,8.02
10/01/01,7.99
10/02/01,7.95
10/03/01,7.93
10/04/01,7.91
10/05/01,7.92
10/08/01,.
10/09/01,7.98
10/10/01,7.95
10/11/01,7.99
10/12/01,8.01
10/15/01,7.96
10/16/01,7.92
10/17/01,7.9
10/18/01,7.89
10/19/01,7.92
10/22/01,7.91
10/23/01,7.94
10/24/01,7.89
10/25/01,7.86
10/26/01,7.84
10/29/01,7.82
10/30/01,7.79
10/31/01,7.68
11/01/01,7.61
11/02/01,7.74
11/05/01,7.65
11/06/01,7.66
11/07/01,7.57
11/08/01,7.6
11/09/01,7.61
11/12/01,.
11/13/01,7.65
11/14/01,7.73
11/15/01,7.89
11/16/01,7.98
11/19/01,7.88
11/20/01,7.96
11/21/01,7.99
11/22/01,.
11/23/01,8.01
11/26/01,8.01
11/27/01,7.99
11/28/01,7.99
11/29/01,7.86
11/30/01,7.88
12/03/01,7.89
12/04/01,7.85
12/05/01,7.99
12/06/01,8.07
12/07/01,8.16
12/10/01,8.17
12/11/01,8.14
12/12/01,8.06
12/13/01,8.11
12/14/01,8.15
12/17/01,8.23
12/18/01,8.1
12/19/01,8.02
12/20/01,8
12/21/01,7.99
12/24/01,.
12/25/01,.
12/26/01,8.04
12/27/01,8.01
12/28/01,8.02
12/31/01,7.92
01/01/02,.
01/02/02,8.02
01/03/02,7.98
01/04/02,7.96
01/07/02,7.89
01/08/02,7.9
01/09/02,7.88
01/10/02,7.82
01/11/02,7.78
01/14/02,7.79
01/15/02,7.74
01/16/02,7.75
01/17/02,7.8
01/18/02,7.8
01/21/02,.
01/22/02,7.81
01/23/02,7.92
01/24/02,7.92
01/25/02,7.91
01/28/02,7.9
01/29/02,7.86
01/30/02,7.91
01/31/02,7.92
02/01/02,7.88
02/04/02,7.87
02/05/02,7.9
02/06/02,7.93
02/07/02,7.98
02/08/02,7.93
02/11/02,7.93
02/12/02,7.96
02/13/02,7.94
02/14/02,7.9
02/15/02,7.84
02/18/02,.
02/19/02,7.87
02/20/02,7.89
02/21/02,7.85
02/22/02,7.82
02/25/02,7.84
02/26/02,7.89
02/27/02,7.84
02/28/02,7.86
03/01/02,7.95
03/04/02,7.96
03/05/02,7.92
03/06/02,7.97
03/07/02,8.05
03/08/02,8.12
03/11/02,8.11
03/12/02,8.1
03/13/02,8.1
03/14/02,8.19
03/15/02,8.16
03/18/02,8.12
03/19/02,8.16
03/20/02,8.21
03/21/02,8.17
03/22/02,8.18
03/25/02,8.15
03/26/02,8.11
03/27/02,8.16
03/28/02,8.23
03/29/02,.
04/01/02,8.22
04/02/02,8.17
04/03/02,8.13
04/04/02,8.12
04/05/02,8.07
04/08/02,8.1
04/09/02,8.07
04/10/02,8.08
04/11/02,8.05
04/12/02,8.04
04/15/02,7.99
04/16/02,8.01
04/17/02,8.03
04/18/02,8.05
04/19/02,8.01
04/22/02,7.96
04/23/02,7.96
04/24/02,7.92
04/25/02,7.93
04/26/02,7.91
04/29/02,7.95
04/30/02,7.95
05/01/02,7.94
05/02/02,7.97
05/03/02,7.97
05/06/02,7.96
05/07/02,7.95
05/08/02,8.1
05/09/02,8.09
05/10/02,8.08
05/13/02,8.13
05/14/02,8.21
05/15/02,8.19
05/16/02,8.16
05/17/02,8.21
05/20/02,8.17
05/21/02,8.13
05/22/02,8.11
05/23/02,8.13
05/24/02,8.12
05/27/02,.
05/28/02,8.11
05/29/02,8.08
05/30/02,8.06
05/31/02,8.06
06/03/02,8.06
06/04/02,8.05
06/05/02,8.07
06/06/02,8.03
06/07/02,8.06
06/10/02,8.02
06/11/02,7.97
06/12/02,7.98
06/13/02,7.94
06/14/02,7.85
06/17/02,7.86
06/18/02,7.9
06/19/02,7.82
06/20/02,7.9
06/21/02,7.84
06/24/02,7.9
06/25/02,7.91
06/26/02,7.87
06/27/02,7.98
06/28/02,7.99
07/01/02,7.99
07/02/02,7.95
07/03/02,7.95
07/04/02,.
07/05/02,8.05
07/08/02,8.03
07/09/02,7.97
07/10/02,7.87
07/11/02,7.87
07/12/02,7.87
07/15/02,7.92
07/16/02,7.99
07/17/02,7.98
07/18/02,7.96
07/19/02,7.86
07/22/02,7.81
07/23/02,7.8
07/24/02,7.84
07/25/02,7.78
07/26/02,7.77
07/29/02,7.87
07/30/02,7.86
07/31/02,7.76
08/01/02,7.74
08/02/02,7.67
08/05/02,7.65
08/06/02,7.72
08/07/02,7.7
08/08/02,7.73
08/09/02,7.63
08/12/02,7.55
08/13/02,7.51
08/14/02,7.43
08/15/02,7.52
08/16/02,7.64
08/19/02,7.61
08/20/02,7.53
08/21/02,7.52
08/22/02,7.58
08/23/02,7.52
08/26/02,7.51
08/27/02,7.57
08/28/02,7.52
08/29/02,7.49
08/30/02,7.46
09/02/02,.
09/03/02,7.37
09/04/02,7.36
09/05/02,7.38
09/06/02,7.47
09/09/02,7.46
09/10/02,7.43
09/11/02,7.49
09/12/02,7.43
09/13/02,7.36
09/16/02,7.37
09/17/02,7.38
09/18/02,7.37
09/19/02,7.34
09/20/02,7.38
09/23/02,7.33
09/24/02,7.34
09/25/02,7.44
09/26/02,7.43
09/27/02,7.4
09/30/02,7.39
10/01/02,7.46
10/02/02,7.44
10/03/02,7.46
10/04/02,7.47
10/07/02,7.5
10/08/02,7.54
10/09/02,7.51
10/10/02,7.58
10/11/02,7.71
10/14/02,.
10/15/02,7.81
10/16/02,7.83
10/17/02,7.89
10/18/02,7.9
10/21/02,7.94
10/22/02,7.98
10/23/02,7.99
10/24/02,7.93
10/25/02,7.9
10/28/02,7.91
10/29/02,7.82
10/30/02,7.82
10/31/02,7.75
11/01/02,7.77
11/04/02,7.79
11/05/02,7.82
11/06/02,7.81
11/07/02,7.61
11/08/02,7.51
11/11/02,.
11/12/02,7.52
11/13/02,7.51
11/14/02,7.61
11/15/02,7.59
11/18/02,7.54
11/19/02,7.49
11/20/02,7.56
11/21/02,7.6
11/22/02,7.61
11/25/02,7.61
11/26/02,7.53
11/27/02,7.65
11/28/02,.
11/29/02,7.6
12/02/02,7.59
12/03/02,7.59
12/04/02,7.56
12/05/02,7.51
12/06/02,7.51
12/09/02,7.48
12/10/02,7.46
12/11/02,7.41
12/12/02,7.43
12/13/02,7.49
12/16/02,7.52
12/17/02,7.5
12/18/02,7.46
12/19/02,7.4
12/20/02,7.39
12/23/02,7.42
12/24/02,7.39
12/25/02,.
12/26/02,7.38
12/27/02,7.32
12/30/02,7.3
12/31/02,7.31
01/01/03,.
01/02/03,7.44
01/03/03,7.44
01/06/03,7.47
01/07/03,7.43
01/08/03,7.35
01/09/03,7.48
01/10/03,7.47
01/13/03,7.44
01/14/03,7.41
01/15/03,7.39
01/16/03,7.39
01/17/03,7.34
01/20/03,.
01/21/03,7.32
01/22/03,7.28
01/23/03,7.31
01/24/03,7.27
01/27/03,7.25
01/28/03,7.23
01/29/03,7.24
01/30/03,7.19
01/31/03,7.16
02/03/03,7.15
02/04/03,7.08
02/05/03,7.13
02/06/03,7.09
02/07/03,7.07
02/10/03,7.1
02/11/03,7.11
02/12/03,7.09
02/13/03,7.06
02/14/03,7.11
02/17/03,.
02/18/03,7.1
02/19/03,7.04
02/20/03,7.03
02/21/03,7.06
02/24/03,7.03
02/25/03,6.99
02/26/03,6.96
02/27/03,6.96
02/28/03,6.92
03/03/03,6.91
03/04/03,6.9
03/05/03,6.88
03/06/03,6.91
03/07/03,6.89
03/10/03,6.88
03/11/03,6.88
03/12/03,6.86
03/13/03,6.95
03/14/03,6.94
03/17/03,6.99
03/18/03,7.02
03/19/03,7.02
03/20/03,7.06
03/21/03,7.1
03/24/03,7.01
03/25/03,7.01
03/26/03,6.97
03/27/03,6.95
03/28/03,6.93
03/31/03,6.87
04/01/03,6.86
04/02/03,6.92
04/03/03,6.94
04/04/03,6.95
04/07/03,6.98
04/08/03,6.92
04/09/03,6.9
04/10/03,6.91
04/11/03,6.93
04/14/03,6.96
04/15/03,6.9
04/16/03,6.86
04/17/03,6.84
04/18/03,.
04/21/03,6.84
04/22/03,6.84
04/23/03,6.81
04/24/03,6.73
04/25/03,6.73
04/28/03,6.71
04/29/03,6.73
04/30/03,6.65
05/01/03,6.65
05/02/03,6.67
05/05/03,6.63
05/06/03,6.58
05/07/03,6.5
05/08/03,6.37
05/09/03,6.5
05/12/03,6.47
05/13/03,6.46
05/14/03,6.36
05/15/03,6.36
05/16/03,6.3
05/19/03,6.32
05/20/03,6.24
05/21/03,6.25
05/22/03,6.19
05/23/03,6.15
05/26/03,.
05/27/03,6.24
05/28/03,6.27
05/29/03,6.21
05/30/03,6.22
06/02/03,6.28
06/03/03,6.22
06/04/03,6.17
06/05/03,6.21
06/06/03,6.2
06/09/03,6.16
06/10/03,6.09
06/11/03,6.08
06/12/03,6.06
06/13/03,6.01
06/16/03,6.05
06/17/03,6.12
06/18/03,6.2
06/19/03,6.22
06/20/03,6.26
06/23/03,6.2
06/24/03,6.16
06/25/03,6.23
06/26/03,6.35
06/27/03,6.38
06/30/03,6.35
07/01/03,6.37
07/02/03,6.31
07/03/03,6.39
07/04/03,.
07/07/03,6.44
07/08/03,6.43
07/09/03,6.41
07/10/03,6.41
07/11/03,6.39
07/14/03,6.46
07/15/03,6.6
07/16/03,6.59
07/17/03,6.59
07/18/03,6.61
07/21/03,6.76
07/22/03,6.73
07/23/03,6.71
07/24/03,6.75
07/25/03,6.79
07/28/03,6.89
07/29/03,6.97
07/30/03,6.89
07/31/03,7.07
08/01/03,7.01
08/04/03,6.97
08/05/03,7.09
08/06/03,6.96
08/07/03,6.94
08/08/03,6.96
08/11/03,6.99
08/12/03,7
08/13/03,7.14
08/14/03,7.14
08/15/03,7.1
08/18/03,7.09
08/19/03,6.99
08/20/03,7.01
08/21/03,7.04
08/22/03,6.97
08/25/03,7.03
08/26/03,6.99
08/27/03,7.01
08/28/03,6.91
08/29/03,6.91
09/01/03,.
09/02/03,7
09/03/03,7
09/04/03,6.98
09/05/03,6.87
09/08/03,6.89
09/09/03,6.9
09/10/03,6.83
09/11/03,6.83
09/12/03,6.83
09/15/03,6.83
09/16/03,6.86
09/17/03,6.76
09/18/03,6.73
09/19/03,6.69
09/22/03,6.78
09/23/03,6.74
09/24/03,6.66
09/25/03,6.64
09/26/03,6.59
09/29/03,6.65
09/30/03,6.53
10/01/03,6.52
10/02/03,6.57
10/03/03,6.73
10/06/03,6.68
10/07/03,6.76
10/08/03,6.78
10/09/03,6.82
10/10/03,6.77
10/13/03,.
10/14/03,6.85
10/15/03,6.87
10/16/03,6.87
10/17/03,6.79
10/20/03,6.77
10/21/03,6.77
10/22/03,6.72
10/23/03,6.75
10/24/03,6.66
10/27/03,6.69
10/28/03,6.64
10/29/03,6.7
10/30/03,6.72
10/31/03,6.69
11/03/03,6.72
11/04/03,6.69
11/05/03,6.73
11/06/03,6.79
11/07/03,6.8
11/10/03,6.82
11/11/03,.
11/12/03,6.77
11/13/03,6.65
11/14/03,6.59
11/17/03,6.57
11/18/03,6.55
11/19/03,6.61
11/20/03,6.56
11/21/03,6.54
11/24/03,6.61
11/25/03,6.57
11/26/03,6.6
11/27/03,.
11/28/03,6.67
12/01/03,6.7
12/02/03,6.68
12/03/03,6.7
12/04/03,6.67
12/05/03,6.56
12/08/03,6.62
12/09/03,6.66
12/10/03,6.65
12/11/03,6.62
12/12/03,6.6
12/15/03,6.62
12/16/03,6.59
12/17/03,6.54
12/18/03,6.48
12/19/03,6.48
12/22/03,6.52
12/23/03,6.59
12/24/03,6.54
12/25/03,.
12/26/03,6.5
12/29/03,6.57
12/30/03,6.62
12/31/03,6.61
01/01/04,.
01/02/04,6.7
01/05/04,6.68
01/06/04,6.61
01/07/04,6.57
01/08/04,6.53
01/09/04,6.42
01/12/04,6.43
01/13/04,6.4
01/14/04,6.34
01/15/04,6.32
01/16/04,6.34
01/19/04,.
01/20/04,6.39
01/21/04,6.38
01/22/04,6.32
01/23/04,6.39
01/26/04,6.44
01/27/04,6.37
01/28/04,6.45
01/29/04,6.41
01/30/04,6.35
02/02/04,6.35
02/03/04,6.31
02/04/04,6.31
02/05/04,6.33
02/06/04,6.28
02/09/04,6.25
02/10/04,6.28
02/11/04,6.24
02/12/04,6.28
02/13/04,6.25
02/16/04,.
02/17/04,6.24
02/18/04,6.24
02/19/04,6.24
02/20/04,6.28
02/23/04,6.25
02/24/04,6.23
02/25/04,6.23
02/26/04,6.25
02/27/04,6.2
03/01/04,6.2
03/02/04,6.24
03/03/04,6.25
03/04/04,6.22
03/05/04,6.1
03/08/04,6.08
03/09/04,6.03
03/10/04,6.05
03/11/04,6.06
03/12/04,6.09
03/15/04,6.09
03/16/04,6.04
03/17/04,6.04
03/18/04,6.08
03/19/04,6.1
03/22/04,6.06
03/23/04,6.06
03/24/04,6.06
03/25/04,6.09
03/26/04,6.16
03/29/04,6.19
03/30/04,6.19
03/31/04,6.15
04/01/04,6.18
04/02/04,6.32
04/05/04,6.37
04/06/04,6.35
04/07/04,6.34
04/08/04,6.36
04/09/04,.
04/12/04,6.38
04/13/04,6.46
04/14/04,6.48
04/15/04,6.51
04/16/04,6.48
04/19/04,6.51
04/20/04,6.53
04/21/04,6.54
04/22/04,6.5
04/23/04,6.55
04/26/04,6.52
04/27/04,6.51
04/28/04,6.56
04/29/04,6.61
04/30/04,6.58
05/03/04,6.58
05/04/04,6.63
05/05/04,6.66
05/06/04,6.69
05/07/04,6.76
05/10/04,6.79
05/11/04,6.78
05/12/04,6.83
05/13/04,6.87
05/14/04,6.82
05/17/04,6.78
05/18/04,6.79
05/19/04,6.82
05/20/04,6.77
05/21/04,6.79
05/24/04,6.77
05/25/04,6.75
05/26/04,6.72
05/27/04,6.65
05/28/04,6.69
05/31/04,.
06/01/04,6.76
06/02/04,6.8
06/03/04,6.79
06/04/04,6.84
06/07/04,6.83
06/08/04,6.82
06/09/04,6.85
06/10/04,6.84
06/11/04,.
06/14/04,6.9
06/15/04,6.75
06/16/04,6.78
06/17/04,6.74
06/18/04,6.75
06/21/04,6.75
06/22/04,6.77
06/23/04,6.77
06/24/04,6.72
06/25/04,6.73
06/28/04,6.8
06/29/04,6.76
06/30/04,6.71
07/01/04,6.69
07/02/04,6.61
07/05/04,.
07/06/04,6.63
07/07/04,6.63
07/08/04,6.63
07/09/04,6.63
07/12/04,6.61
07/13/04,6.64
07/14/04,6.62
07/15/04,6.62
07/16/04,6.53
07/19/04,6.52
07/20/04,6.59
07/21/04,6.62
07/22/04,6.61
07/23/04,6.58
07/26/04,6.6
07/27/04,6.71
07/28/04,6.71
07/29/04,6.69
07/30/04,6.6
08/02/04,6.61
08/03/04,6.59
08/04/04,6.59
08/05/04,6.57
08/06/04,6.46
08/09/04,6.47
08/10/04,6.5
08/11/04,6.47
08/12/04,6.46
08/13/04,6.42
08/16/04,6.46
08/17/04,6.42
08/18/04,6.43
08/19/04,6.42
08/20/04,6.43
08/23/04,6.47
08/24/04,6.46
08/25/04,6.44
08/26/04,6.41
08/27/04,6.41
08/30/04,6.38
08/31/04,6.32
09/01/04,6.33
09/02/04,6.37
09/03/04,6.45
09/06/04,.
09/07/04,6.39
09/08/04,6.33
09/09/04,6.37
09/10/04,6.35
09/13/04,6.31
09/14/04,6.3
09/15/04,6.32
09/16/04,6.24
09/17/04,6.27
09/20/04,6.21
09/21/04,6.19
09/22/04,6.13
09/23/04,6.15
09/24/04,6.16
09/27/04,6.14
09/28/04,6.16
09/29/04,6.22
09/30/04,6.25
10/01/04,6.3
10/04/04,6.29
10/05/04,6.28
10/06/04,6.32
10/07/04,6.35
10/08/04,6.25
10/11/04,.
10/12/04,6.23
10/13/04,6.21
10/14/04,6.16
10/15/04,6.19
10/18/04,6.2
10/19/04,6.17
10/20/04,6.14
10/21/04,6.13
10/22/04,6.12
10/25/04,6.12
10/26/04,6.12
10/27/04,6.19
10/28/04,6.19
10/29/04,6.14
11/01/04,6.2
11/02/04,6.19
11/03/04,6.17
11/04/04,6.15
11/05/04,6.23
11/08/04,6.25
11/09/04,6.25
11/10/04,6.29
11/11/04,.
11/12/04,6.22
11/15/04,6.21
11/16/04,6.21
11/17/04,6.15
11/18/04,6.13
11/19/04,6.19
11/22/04,6.14
11/23/04,6.15
11/24/04,6.15
11/25/04,.
11/26/04,6.2
11/29/04,6.27
11/30/04,6.31
12/01/04,6.33
12/02/04,6.34
12/03/04,6.23
12/06/04,6.2
12/07/04,6.19
12/08/04,6.08
12/09/04,6.13
12/10/04,6.11
12/13/04,6.1
12/14/04,6.08
12/15/04,6
12/16/04,6.11
12/17/04,6.13
12/20/04,6.11
12/21/04,6.09
12/22/04,6.12
12/23/04,6.14
12/24/04,.
12/27/04,6.2
12/28/04,6.21
12/29/04,6.22
12/30/04,6.16
12/31/04,6.1
01/03/05,6.09
01/04/05,6.14
01/05/05,6.12
01/06/05,6.13
01/07/05,6.12
01/10/05,6.11
01/11/05,6.07
01/12/05,6.06
01/13/05,6
01/14/05,6.02
01/17/05,.
01/18/05,5.98
01/19/05,5.96
01/20/05,5.97
01/21/05,5.95
01/24/05,5.91
01/25/05,5.98
01/26/05,5.97
01/27/05,5.97
01/28/05,5.91
01/31/05,5.89
02/01/05,5.89
02/02/05,5.88
02/03/05,5.88
02/04/05,5.78
02/07/05,5.72
02/08/05,5.68
02/09/05,5.64
02/10/05,5.74
02/11/05,5.75
02/14/05,5.71
02/15/05,5.74
02/16/05,5.78
02/17/05,5.83
02/18/05,5.89
02/21/05,.
02/22/05,5.93
02/23/05,5.91
02/24/05,5.91
02/25/05,5.89
02/28/05,5.95
03/01/05,5.96
03/02/05,5.98
03/03/05,5.98
03/04/05,5.89
03/07/05,5.86
03/08/05,5.92
03/09/05,6.05
03/10/05,5.99
03/11/05,6.04
03/14/05,6.02
03/15/05,6.05
03/16/05,6.05
03/17/05,6.04
03/18/05,6.1
03/21/05,6.13
03/22/05,6.19
03/23/05,6.18
03/24/05,6.18
03/25/05,.
03/28/05,6.22
03/29/05,6.2
03/30/05,6.17
03/31/05,6.14
04/01/05,6.11
04/04/05,6.12
04/05/05,6.14
04/06/05,6.11
04/07/05,6.14
04/08/05,6.14
04/11/05,6.12
04/12/05,6.04
04/13/05,6.07
04/14/05,6.12
04/15/05,6.05
04/18/05,6.02
04/19/05,5.97
04/20/05,6
04/21/05,6.05
04/22/05,6
04/25/05,5.97
04/26/05,5.98
04/27/05,5.97
04/28/05,5.94
04/29/05,5.97
05/02/05,5.98
05/03/05,5.98
05/04/05,6.03
05/05/05,6.03
05/06/05,6.1
05/09/05,6.07
05/10/05,6.05
05/11/05,6.02
05/12/05,6.01
05/13/05,6
05/16/05,6.02
05/17/05,6.03
05/18/05,5.99
05/19/05,6.02
05/20/05,6.02
05/23/05,5.96
05/24/05,5.95
05/25/05,5.99
05/26/05,5.99
05/27/05,5.99
05/30/05,.
05/31/05,5.9
06/01/05,5.82
06/02/05,5.78
06/03/05,5.82
06/06/05,5.78
06/07/05,5.74
06/08/05,5.77
06/09/05,5.81
06/10/05,5.89
06/13/05,5.93
06/14/05,6
06/15/05,5.99
06/16/05,5.95
06/17/05,5.94
06/20/05,5.96
06/21/05,5.91
06/22/05,5.84
06/23/05,5.84
06/24/05,5.81
06/27/05,5.79
06/28/05,5.84
06/29/05,5.86
06/30/05,5.81
07/01/05,5.89
07/04/05,.
07/05/05,5.95
07/06/05,5.93
07/07/05,5.89
07/08/05,5.94
07/11/05,5.92
07/12/05,5.95
07/13/05,5.96
07/14/05,5.97
07/15/05,5.95
07/18/05,6.02
07/19/05,5.98
07/20/05,5.94
07/21/05,6.04
07/22/05,5.98
07/25/05,5.97
07/26/05,5.96
07/27/05,5.98
07/28/05,5.88
07/29/05,5.95
08/01/05,5.99
08/02/05,6.02
08/03/05,6
08/04/05,6.01
08/05/05,6.07
08/08/05,6.09
08/09/05,6.07
08/10/05,6.08
08/11/05,6.03
08/12/05,5.95
08/15/05,5.98
08/16/05,5.94
08/17/05,5.99
08/18/05,5.94
08/19/05,5.93
08/22/05,5.94
08/23/05,5.92
08/24/05,5.91
08/25/05,5.88
08/26/05,5.89
08/29/05,5.88
08/30/05,5.83
08/31/05,5.79
09/01/05,5.83
09/02/05,5.87
09/05/05,.
09/06/05,5.92
09/07/05,5.98
09/08/05,5.98
09/09/05,5.96
09/12/05,6
09/13/05,5.97
09/14/05,6
09/15/05,6.06
09/16/05,6.11
09/19/05,6.1
09/20/05,6.07
09/21/05,6.03
09/22/05,6.03
09/23/05,6.08
09/26/05,6.13
09/27/05,6.14
09/28/05,6.08
09/29/05,6.12
09/30/05,6.15
10/03/05,6.21
10/04/05,6.19
10/05/05,6.17
10/06/05,6.19
10/07/05,6.17
10/10/05,.
10/11/05,6.19
10/12/05,6.28
10/13/05,6.34
10/14/05,6.35
10/17/05,6.34
10/18/05,6.33
10/19/05,6.33
10/20/05,6.32
10/21/05,6.24
10/24/05,6.3
10/25/05,6.35
10/26/05,6.44
10/27/05,6.41
10/28/05,6.41
10/31/05,6.4
11/01/05,6.42
11/02/05,6.45
11/03/05,6.47
11/04/05,6.48
11/07/05,6.47
11/08/05,6.4
11/09/05,6.46
11/10/05,6.39
11/11/05,.
11/14/05,6.44
11/15/05,6.39
11/16/05,6.33
11/17/05,6.31
11/18/05,6.36
11/21/05,6.33
11/22/05,6.34
11/23/05,6.38
11/24/05,.
11/25/05,6.34
11/28/05,6.3
11/29/05,6.36
11/30/05,6.38
12/01/05,6.39
12/02/05,6.39
12/05/05,6.43
12/06/05,6.37
12/07/05,6.4
12/08/05,6.35
12/09/05,6.42
12/12/05,6.42
12/13/05,6.42
12/14/05,6.33
12/15/05,6.34
12/16/05,6.3
12/19/05,6.29
12/20/05,6.31
12/21/05,6.33
12/22/05,6.27
12/23/05,6.21
12/26/05,.
12/27/05,6.17
12/28/05,6.2
12/29/05,6.19
12/30/05,6.21
01/02/06,.
01/03/06,6.21
01/04/06,6.2
01/05/06,6.2
01/06/06,6.22
01/09/06,6.22
01/10/06,6.27
01/11/06,6.3
01/12/06,6.25
01/13/06,6.18
01/16/06,.
01/17/06,6.17
01/18/06,6.18
01/19/06,6.21
01/20/06,6.18
01/23/06,6.18
01/24/06,6.21
01/25/06,6.29
01/26/06,6.33
01/27/06,6.3
01/30/06,6.33
01/31/06,6.31
02/01/06,6.33
02/02/06,6.31
02/03/06,6.26
02/06/06,6.24
02/07/06,6.28
02/08/06,6.31
02/09/06,6.27
02/10/06,6.3
02/13/06,6.3
02/14/06,6.33
02/15/06,6.31
02/16/06,6.3
02/17/06,6.24
02/20/06,.
02/21/06,6.25
02/22/06,6.21
02/23/06,6.23
02/24/06,6.22
02/27/06,6.24
02/28/06,6.2
03/01/06,6.25
03/02/06,6.3
03/03/06,6.35
03/06/06,6.41
03/07/06,6.41
03/08/06,6.41
03/09/06,6.41
03/10/06,6.43
03/13/06,6.46
03/14/06,6.39
03/15/06,6.43
03/16/06,6.37
03/17/06,6.38
03/20/06,6.36
03/21/06,6.41
03/22/06,6.39
03/23/06,6.43
03/24/06,6.37
03/27/06,6.4
03/28/06,6.47
03/29/06,6.52
03/30/06,6.56
03/31/06,6.55
04/03/06,6.56
04/04/06,6.56
04/05/06,6.54
04/06/06,6.6
04/07/06,6.67
04/10/06,6.67
04/11/06,6.64
04/12/06,6.69
04/13/06,6.74
04/14/06,.
04/17/06,6.71
04/18/06,6.69
04/19/06,6.74
04/20/06,6.74
04/21/06,6.71
04/24/06,6.66
04/25/06,6.75
04/26/06,6.76
04/27/06,6.76
04/28/06,6.74
05/01/06,6.77
05/02/06,6.73
05/03/06,6.76
05/04/06,6.76
05/05/06,6.72
05/08/06,6.71
05/09/06,6.72
05/10/06,6.71
05/11/06,6.75
05/12/06,6.82
05/15/06,6.79
05/16/06,6.76
05/17/06,6.82
05/18/06,6.74
05/19/06,6.7
05/22/06,6.7
05/23/06,6.72
05/24/06,6.71
05/25/06,6.74
05/26/06,6.73
05/29/06,.
05/30/06,6.76
05/31/06,6.78
06/01/06,6.77
06/02/06,6.67
06/05/06,6.69
06/06/06,6.66
06/07/06,6.69
06/08/06,6.66
06/09/06,6.64
06/12/06,6.64
06/13/06,6.64
06/14/06,6.72
06/15/06,6.77
06/16/06,6.8
06/19/06,6.81
06/20/06,6.82
06/21/06,6.84
06/22/06,6.89
06/23/06,6.92
06/26/06,6.94
06/27/06,6.91
06/28/06,6.94
06/29/06,6.91
06/30/06,6.82
07/03/06,6.83
07/04/06,.
07/05/06,6.9
07/06/06,6.85
07/07/06,6.8
07/10/06,6.79
07/11/06,6.77
07/12/06,6.76
07/13/06,6.74
07/14/06,6.76
07/17/06,6.75
07/18/06,6.81
07/19/06,6.75
07/20/06,6.72
07/21/06,6.74
07/24/06,6.74
07/25/06,6.75
07/26/06,6.72
07/27/06,6.72
07/28/06,6.67
07/31/06,6.67
08/01/06,6.68
08/02/06,6.65
08/03/06,6.64
08/04/06,6.6
08/07/06,6.6
08/08/06,6.63
08/09/06,6.65
08/10/06,6.66
08/11/06,6.69
08/14/06,6.69
08/15/06,6.63
08/16/06,6.58
08/17/06,6.58
08/18/06,6.55
08/21/06,6.54
08/22/06,6.53
08/23/06,6.54
08/24/06,6.53
08/25/06,6.53
08/28/06,6.53
08/29/06,6.53
08/30/06,6.5
08/31/06,6.47
09/01/06,6.46
09/04/06,.
09/05/06,6.51
09/06/06,6.53
09/07/06,6.52
09/08/06,6.5
09/11/06,6.52
09/12/06,6.48
09/13/06,6.47
09/14/06,6.49
09/15/06,6.49
09/18/06,6.49
09/19/06,6.43
09/20/06,6.42
09/21/06,6.36
09/22/06,6.32
09/25/06,6.28
09/26/06,6.3
09/27/06,6.31
09/28/06,6.36
09/29/06,6.36
10/02/06,6.35
10/03/06,6.34
10/04/06,6.31
10/05/06,6.35
10/06/06,6.43
10/09/06,.
10/10/06,6.47
10/11/06,6.51
10/12/06,6.5
10/13/06,6.53
10/16/06,6.5
10/17/06,6.49
10/18/06,6.47
10/19/06,6.49
10/20/06,6.48
10/23/06,6.49
10/24/06,6.48
10/25/06,6.44
10/26/06,6.38
10/27/06,6.33
10/30/06,6.32
10/31/06,6.25
11/01/06,6.21
11/02/06,6.24
11/03/06,6.31
11/06/06,6.3
11/07/06,6.26
11/08/06,6.23
11/09/06,6.24
11/10/06,6.2
11/13/06,6.21
11/14/06,6.18
11/15/06,6.22
11/16/06,6.25
11/17/06,6.21
11/20/06,6.2
11/21/06,6.18
11/22/06,6.17
11/23/06,.
11/24/06,6.15
11/27/06,6.15
11/28/06,6.13
11/29/06,6.14
11/30/06,6.1
12/01/06,6.08
12/04/06,6.09
12/05/06,6.1
12/06/06,6.13
12/07/06,6.13
12/08/06,6.19
12/11/06,6.16
12/12/06,6.14
12/13/06,6.22
12/14/06,6.26
12/15/06,6.26
12/18/06,6.25
12/19/06,6.27
12/20/06,6.27
12/21/06,6.23
12/22/06,6.3
12/25/06,.
12/26/06,6.27
12/27/06,6.32
12/28/06,6.35
12/29/06,6.35
01/01/07,.
01/02/07,6.32
01/03/07,6.28
01/04/07,6.24
01/05/07,6.25
01/08/07,6.25
01/09/07,6.25
01/10/07,6.28
01/11/07,6.33
01/12/07,6.36
01/15/07,.
01/16/07,6.34
01/17/07,6.37
01/18/07,6.33
01/19/07,6.35
01/22/07,6.33
01/23/07,6.38
01/24/07,6.38
01/25/07,6.43
01/26/07,6.44
01/29/07,6.45
01/30/07,6.44
01/31/07,6.4
02/01/07,6.4
02/02/07,6.39
02/05/07,6.37
02/06/07,6.32
02/07/07,6.3
02/08/07,6.28
02/09/07,6.33
02/12/07,6.34
02/13/07,6.36
02/14/07,6.29
02/15/07,6.26
02/16/07,6.24
02/19/07,.
02/20/07,6.23
02/21/07,6.23
02/22/07,6.27
02/23/07,6.21
02/26/07,6.17
02/27/07,6.09
02/28/07,6.16
03/01/07,6.18
03/02/07,6.16
03/05/07,6.19
03/06/07,6.19
03/07/07,6.16
03/08/07,6.18
03/09/07,6.24
03/12/07,6.21
03/13/07,6.2
03/14/07,6.25
03/15/07,6.24
03/16/07,6.25
03/19/07,6.28
03/20/07,6.27
03/21/07,6.26
03/22/07,6.35
03/23/07,6.37
03/26/07,6.35
03/27/07,6.38
03/28/07,6.4
03/29/07,6.38
03/30/07,6.4
04/02/07,6.39
04/03/07,6.4
04/04/07,6.4
04/05/07,6.42
04/06/07,6.47
04/09/07,6.47
04/10/07,6.45
04/11/07,6.45
04/12/07,6.45
04/13/07,6.46
04/16/07,6.42
04/17/07,6.37
04/18/07,6.33
04/19/07,6.35
04/20/07,6.36
04/23/07,6.34
04/24/07,6.31
04/25/07,6.34
04/26/07,6.38
04/27/07,6.39
04/30/07,6.31
05/01/07,6.31
05/02/07,6.31
05/03/07,6.32
05/04/07,6.29
05/07/07,6.28
05/08/07,6.29
05/09/07,6.32
05/10/07,6.31
05/11/07,6.33
05/14/07,6.34
05/15/07,6.36
05/16/07,6.35
05/17/07,6.4
05/18/07,6.44
05/21/07,6.42
05/22/07,6.46
05/23/07,6.49
05/24/07,6.49
05/25/07,6.48
05/28/07,.
05/29/07,6.5
05/30/07,6.49
05/31/07,6.5
06/01/07,6.55
06/04/07,6.51
06/05/07,6.55
06/06/07,6.57
06/07/07,6.71
06/08/07,6.74
06/11/07,6.75
06/12/07,6.86
06/13/07,6.78
06/14/07,6.8
06/15/07,6.76
06/18/07,6.75
06/19/07,6.69
06/20/07,6.71
06/21/07,6.76
06/22/07,6.74
06/25/07,6.68
06/26/07,6.71
06/27/07,6.68
06/28/07,6.72
06/29/07,6.62
07/02/07,6.6
07/03/07,6.65
07/04/07,.
07/05/07,6.74
07/06/07,6.78
07/09/07,6.74
07/10/07,6.63
07/11/07,6.68
07/12/07,6.72
07/13/07,6.7
07/16/07,6.63
07/17/07,6.67
07/18/07,6.6
07/19/07,6.63
07/20/07,6.57
07/23/07,6.58
07/24/07,6.59
07/25/07,6.57
07/26/07,6.62
07/27/07,6.67
07/30/07,6.7
07/31/07,6.63
08/01/07,6.62
08/02/07,6.6
08/03/07,6.57
08/06/07,6.61
08/07/07,6.6
08/08/07,6.71
08/09/07,6.7
08/10/07,6.69
08/13/07,6.69
08/14/07,6.68
08/15/07,6.72
08/16/07,6.66
08/17/07,6.75
08/20/07,6.72
08/21/07,6.69
08/22/07,6.7
08/23/07,6.66
08/24/07,6.64
08/27/07,6.6
08/28/07,6.6
08/29/07,6.62
08/30/07,6.58
08/31/07,6.59
09/03/07,.
09/04/07,6.6
09/05/07,6.54
09/06/07,6.57
09/07/07,6.48
09/10/07,6.47
09/11/07,6.48
09/12/07,6.54
09/13/07,6.61
09/14/07,6.59
09/17/07,6.58
09/18/07,6.61
09/19/07,6.64
09/20/07,6.73
09/21/07,6.67
09/24/07,6.65
09/25/07,6.65
09/26/07,6.66
09/27/07,6.59
09/28/07,6.59
10/01/07,6.55
10/02/07,6.54
10/03/07,6.54
10/04/07,6.51
10/05/07,6.59
10/08/07,.
10/09/07,6.57
10/10/07,6.56
10/11/07,6.56
10/12/07,6.57
10/15/07,6.57
10/16/07,6.58
10/17/07,6.48
10/18/07,6.46
10/19/07,6.38
10/22/07,6.38
10/23/07,6.39
10/24/07,6.34
10/25/07,6.36
10/26/07,6.39
10/29/07,6.37
10/30/07,6.39
10/31/07,6.47
11/01/07,6.37
11/02/07,6.35
11/05/07,6.37
11/06/07,6.41
11/07/07,6.44
11/08/07,6.44
11/09/07,6.41
11/12/07,.
11/13/07,6.44
11/14/07,6.44
11/15/07,6.39
11/16/07,6.41
11/19/07,6.37
11/20/07,6.41
11/21/07,6.41
11/22/07,.
11/23/07,6.38
11/26/07,6.23
11/27/07,6.36
11/28/07,6.43
11/29/07,6.4
11/30/07,6.44
12/03/07,6.41
12/04/07,6.42
12/05/07,6.5
12/06/07,6.61
12/07/07,6.73
12/10/07,6.74
12/11/07,6.61
12/12/07,6.68
12/13/07,6.76
12/14/07,6.79
12/17/07,6.75
12/18/07,6.66
12/19/07,6.6
12/20/07,6.55
12/21/07,6.68
12/24/07,6.72
12/25/07,.
12/26/07,6.79
12/27/07,6.73
12/28/07,6.62
12/31/07,6.56
01/01/08,.
01/02/08,6.45
01/03/08,6.48
01/04/08,6.47
01/07/08,6.46
01/08/08,6.49
01/09/08,6.49
01/10/08,6.64
01/11/08,6.59
01/14/08,6.57
01/15/08,6.5
01/16/08,6.51
01/17/08,6.47
01/18/08,6.53
01/21/08,.
01/22/08,6.5
01/23/08,6.46
01/24/08,6.63
01/25/08,6.56
01/28/08,6.58
01/29/08,6.63
01/30/08,6.72
01/31/08,6.63
02/01/08,6.6
02/04/08,6.66
02/05/08,6.62
02/06/08,6.66
02/07/08,6.8
02/08/08,6.73
02/11/08,6.71
02/12/08,6.77
02/13/08,6.81
02/14/08,6.95
02/15/08,6.9
02/18/08,.
02/19/08,6.96
02/20/08,6.96
02/21/08,6.87
02/22/08,6.91
02/25/08,6.99
02/26/08,6.98
02/27/08,6.96
02/28/08,6.88
02/29/08,6.75
03/03/08,6.76
03/04/08,6.82
03/05/08,6.96
03/06/08,6.97
03/07/08,6.95
03/10/08,6.89
03/11/08,6.99
03/12/08,6.88
03/13/08,6.95
03/14/08,6.86
03/17/08,6.84
03/18/08,6.87
03/19/08,6.82
03/20/08,6.76
03/21/08,.
03/24/08,6.9
03/25/08,6.9
03/26/08,6.92
03/27/08,6.97
03/28/08,6.94
03/31/08,6.9
04/01/08,7
04/02/08,7
04/03/08,6.99
04/04/08,6.9
04/07/08,6.94
04/08/08,6.95
04/09/08,6.87
04/10/08,6.9
04/11/08,6.87
04/14/08,6.92
04/15/08,6.99
04/16/08,7.11
04/17/08,7.09
04/18/08,7.03
04/21/08,6.97
04/22/08,6.95
04/23/08,6.95
04/24/08,7
04/25/08,7.05
04/28/08,6.97
04/29/08,6.96
04/30/08,6.87
05/01/08,6.82
05/02/08,6.86
05/05/08,6.89
05/06/08,6.94
05/07/08,6.92
05/08/08,6.87
05/09/08,6.84
05/12/08,6.84
05/13/08,6.94
05/14/08,6.98
05/15/08,6.91
05/16/08,6.91
05/19/08,6.9
05/20/08,6.86
05/21/08,6.89
05/22/08,6.98
05/23/08,6.91
05/26/08,.
05/27/08,7.01
05/28/08,7.06
05/29/08,7.12
05/30/08,7.06
06/02/08,7.03
06/03/08,6.95
06/04/08,7.02
06/05/08,7.07
06/06/08,6.98
06/09/08,6.96
06/10/08,7.05
06/11/08,7.07
06/12/08,7.13
06/13/08,7.17
06/16/08,7.17
06/17/08,7.17
06/18/08,7.11
06/19/08,7.14
06/20/08,7.11
06/23/08,7.12
06/24/08,7.08
06/25/08,7.08
06/26/08,7.07
06/27/08,7.03
06/30/08,7.04
07/01/08,7.07
07/02/08,7.04
07/03/08,7.07
07/04/08,.
07/07/08,7.05
07/08/08,7.02
07/09/08,6.99
07/10/08,7
07/11/08,7.11
07/14/08,7.06
07/15/08,7.09
07/16/08,7.21
07/17/08,7.27
07/18/08,7.28
07/21/08,7.27
07/22/08,7.27
07/23/08,7.3
07/24/08,7.22
07/25/08,7.3
07/28/08,7.22
07/29/08,7.22
07/30/08,7.24
07/31/08,7.21
08/01/08,7.18
08/04/08,7.2
08/05/08,7.24
08/06/08,7.3
08/07/08,7.17
08/08/08,7.17
08/11/08,7.23
08/12/08,7.17
08/13/08,7.19
08/14/08,7.15
08/15/08,7.11
08/18/08,7.08
08/19/08,7.11
08/20/08,7.1
08/21/08,7.12
08/22/08,7.14
08/25/08,7.09
08/26/08,7.1
08/27/08,7.07
08/28/08,7.08
08/29/08,7.12
09/01/08,.
09/02/08,7.07
09/03/08,7.03
09/04/08,7.01
09/05/08,7.03
09/08/08,7.03
09/09/08,6.97
09/10/08,7.02
09/11/08,7.05
09/12/08,7.17
09/15/08,7.13
09/16/08,7.16
09/17/08,7.25
09/18/08,7.33
09/19/08,7.55
09/22/08,7.61
09/23/08,7.62
09/24/08,7.58
09/25/08,7.74
09/26/08,7.73
09/29/08,7.62
09/30/08,7.85
10/01/08,7.87
10/02/08,7.97
10/03/08,7.98
10/06/08,7.91
10/07/08,8.05
10/08/08,8.21
10/09/08,8.32
10/10/08,8.75
10/13/08,.
10/14/08,8.86
10/15/08,8.98
10/16/08,9.08
10/17/08,9.43
10/20/08,9.43
10/21/08,9.36
10/22/08,9.25
10/23/08,9.11
10/24/08,9.3
10/27/08,9.39
10/28/08,9.48
10/29/08,9.51
10/30/08,9.52
10/31/08,9.54
11/03/08,9.49
11/04/08,9.37
11/05/08,9.26
11/06/08,9.25
11/07/08,9.28
11/10/08,9.22
11/11/08,.
11/12/08,9.16
11/13/08,9.38
11/14/08,9.28
11/17/08,9.26
11/18/08,9.24
11/19/08,9.11
11/20/08,9.02
11/21/08,9.08
11/24/08,9.21
11/25/08,9.12
11/26/08,9.05
11/27/08,.
11/28/08,9.03
12/01/08,8.84
12/02/08,8.79
12/03/08,8.8
12/04/08,8.71
12/05/08,8.74
12/08/08,8.79
12/09/08,8.73
12/10/08,8.7
12/11/08,8.71
12/12/08,8.68
12/15/08,8.63
12/16/08,8.48
12/17/08,8.22
12/18/08,8.11
12/19/08,8.07
12/22/08,8.09
12/23/08,8.12
12/24/08,8.1
12/25/08,.
12/26/08,8.06
12/29/08,8.05
12/30/08,7.97
12/31/08,8.07
01/01/09,.
01/02/09,8.18
01/05/09,8.31
01/06/09,8.28
01/07/09,8.23
01/08/09,8.18
01/09/09,8.15
01/12/09,8.05
01/13/09,8.05
01/14/09,7.92
01/15/09,7.91
01/16/09,7.91
01/19/09,.
01/20/09,7.95
01/21/09,8.14
01/22/09,8.24
01/23/09,8.28
01/26/09,8.3
01/27/09,8.06
01/28/09,8.2
01/29/09,8.28
01/30/09,8.25
02/02/09,8.09
02/03/09,8.21
02/04/09,8.24
02/05/09,8.18
02/06/09,8.18
02/09/09,8.16
02/10/09,7.98
02/11/09,7.88
02/12/09,7.91
02/13/09,8.13
02/16/09,.
02/17/09,7.92
02/18/09,7.95
02/19/09,8.12
02/20/09,8.03
02/23/09,8.02
02/24/09,8.03
02/25/09,8.13
02/26/09,8.21
02/27/09,8.24
03/02/09,8.2
03/03/09,8.27
03/04/09,8.32
03/05/09,8.17
03/06/09,8.18
03/09/09,8.29
03/10/09,8.44
03/11/09,8.4
03/12/09,8.41
03/13/09,8.45
03/16/09,8.54
03/17/09,8.62
03/18/09,8.39
03/19/09,8.45
03/20/09,8.51
03/23/09,8.56
03/24/09,8.48
03/25/09,8.6
03/26/09,8.52
03/27/09,8.5
03/30/09,8.48
03/31/09,8.45
04/01/09,8.38
04/02/09,8.46
04/03/09,8.59
04/06/09,8.63
04/07/09,8.6
04/08/09,8.5
04/09/09,8.57
04/10/09,.
04/13/09,8.48
04/14/09,8.4
04/15/09,8.35
04/16/09,8.38
04/17/09,8.41
04/20/09,8.23
04/21/09,8.24
04/22/09,8.31
04/23/09,8.26
04/24/09,8.28
04/27/09,8.25
04/28/09,8.29
04/29/09,8.29
04/30/09,8.24
05/01/09,8.22
05/04/09,8.17
05/05/09,8.13
05/06/09,8.09
05/07/09,8.19
05/08/09,8.14
05/11/09,8.05
05/12/09,8.03
05/13/09,7.97
05/14/09,7.97
05/15/09,7.99
05/18/09,8.07
05/19/09,8.04
05/20/09,7.93
05/21/09,8.05
05/22/09,8.11
05/25/09,.
05/26/09,8.12
05/27/09,8.19
05/28/09,8.05
05/29/09,7.76
06/01/09,7.97
06/02/09,7.79
06/03/09,7.66
06/04/09,7.77
06/05/09,7.79
06/08/09,7.72
06/09/09,7.71
06/10/09,7.75
06/11/09,7.67
06/12/09,7.6
06/15/09,7.52
06/16/09,7.41
06/17/09,7.35
06/18/09,7.47
06/19/09,7.33
06/22/09,7.23
06/23/09,7.18
06/24/09,7.24
06/25/09,7.19
06/26/09,7.17
06/29/09,7.2
06/30/09,7.17
07/01/09,7.2
07/02/09,7.14
07/03/09,.
07/06/09,7.18
07/07/09,7.13
07/08/09,6.99
07/09/09,7.15
07/10/09,7.03
07/13/09,7.08
07/14/09,7.18
07/15/09,7.26
07/16/09,7.19
07/17/09,7.23
07/20/09,7.16
07/21/09,7.05
07/22/09,7.11
07/23/09,7.2
07/24/09,7.11
07/27/09,7.15
07/28/09,7.04
07/29/09,6.92
07/30/09,6.8
07/31/09,6.63
08/03/09,6.7
08/04/09,6.69
08/05/09,6.75
08/06/09,6.69
08/07/09,6.74
08/10/09,6.65
08/11/09,6.59
08/12/09,6.69
08/13/09,6.58
08/14/09,6.57
08/17/09,6.56
08/18/09,6.58
08/19/09,6.55
08/20/09,6.51
08/21/09,6.62
08/24/09,6.53
08/25/09,6.46
08/26/09,6.42
08/27/09,6.43
08/28/09,6.41
08/31/09,6.38
09/01/09,6.39
09/02/09,6.28
09/03/09,6.33
09/04/09,6.45
09/07/09,.
09/08/09,6.45
09/09/09,6.49
09/10/09,6.32
09/11/09,6.31
09/14/09,6.36
09/15/09,6.4
09/16/09,6.39
09/17/09,6.29
09/18/09,6.34
09/21/09,6.35
09/22/09,6.3
09/23/09,6.28
09/24/09,6.26
09/25/09,6.17
09/28/09,6.12
09/29/09,6.12
09/30/09,6.17
10/01/09,6.11
10/02/09,6.17
10/05/09,6.19
10/06/09,6.21
10/07/09,6.13
10/08/09,6.23
10/09/09,6.36
10/12/09,.
10/13/09,6.29
10/14/09,6.41
10/15/09,6.45
10/16/09,6.36
10/19/09,6.32
10/20/09,6.26
10/21/09,6.31
10/22/09,6.32
10/23/09,6.31
10/26/09,6.42
10/27/09,6.33
10/28/09,6.29
10/29/09,6.39
10/30/09,6.27
11/02/09,6.3
11/03/09,6.37
11/04/09,6.46
11/05/09,6.43
11/06/09,6.4
11/09/09,6.41
11/10/09,6.42
11/11/09,.
11/12/09,6.39
11/13/09,6.36
11/16/09,6.25
11/17/09,6.25
11/18/09,6.3
11/19/09,6.27
11/20/09,6.29
11/23/09,6.29
11/24/09,6.25
11/25/09,6.23
11/26/09,.
11/27/09,6.2
11/30/09,6.2
12/01/09,6.28
12/02/09,6.27
12/03/09,6.32
12/04/09,6.39
12/07/09,6.37
12/08/09,6.32
12/09/09,6.34
12/10/09,6.42
12/11/09,6.41
12/14/09,6.35
12/15/09,6.4
12/16/09,6.38
12/17/09,6.25
12/18/09,6.28
12/21/09,6.38
12/22/09,6.41
12/23/09,6.4
12/24/09,6.47
12/25/09,.
12/28/09,6.49
12/29/09,6.41
12/30/09,6.36
12/31/09,6.39
01/01/10,.
01/04/10,6.39
01/05/10,6.3
01/06/10,6.34
01/07/10,6.33
01/08/10,6.32
01/11/10,6.32
01/12/10,6.22
01/13/10,6.3
01/14/10,6.22
01/15/10,6.18
01/18/10,.
01/19/10,6.21
01/20/10,6.16
01/21/10,6.13
01/22/10,6.15
01/25/10,6.22
01/26/10,6.24
01/27/10,6.23
01/28/10,6.25
01/29/10,6.2
02/01/10,6.25
02/02/10,6.23
02/03/10,6.31
02/04/10,6.24
02/05/10,6.21
02/08/10,6.26
02/09/10,6.32
02/10/10,6.38
02/11/10,6.43
02/12/10,6.41
02/15/10,.
02/16/10,6.39
02/17/10,6.47
02/18/10,6.51
02/19/10,6.43
02/22/10,6.45
02/23/10,6.34
02/24/10,6.35
02/25/10,6.28
02/26/10,6.23
03/01/10,6.26
03/02/10,6.26
03/03/10,6.26
03/04/10,6.23
03/05/10,6.3
03/08/10,6.31
03/09/10,6.32
03/10/10,6.32
03/11/10,6.29
03/12/10,6.26
03/15/10,6.27
03/16/10,6.21
03/17/10,6.18
03/18/10,6.2
03/19/10,6.19
03/22/10,6.17
03/23/10,6.2
03/24/10,6.32
03/25/10,6.38
03/26/10,6.35
03/29/10,6.37
03/30/10,6.36
03/31/10,6.31
04/01/10,6.33
04/02/10,6.4
04/05/10,6.44
04/06/10,6.44
04/07/10,6.33
04/08/10,6.34
04/09/10,6.33
04/12/10,6.27
04/13/10,6.24
04/14/10,6.28
04/15/10,6.28
04/16/10,6.22
04/19/10,6.25
04/20/10,6.22
04/21/10,6.15
04/22/10,6.18
04/23/10,6.21
04/26/10,6.21
04/27/10,6.1
04/28/10,6.18
04/29/10,6.13
04/30/10,6.07
05/03/10,6.09
05/04/10,6.01
05/05/10,5.98
05/06/10,5.82
05/07/10,6
05/10/10,6.1
05/11/10,6.14
05/12/10,6.17
05/13/10,6.15
05/14/10,6.03
05/17/10,6.06
05/18/10,5.99
05/19/10,6.01
05/20/10,5.99
05/21/10,5.96
05/24/10,6.02
05/25/10,5.99
05/26/10,6.08
05/27/10,6.23
05/28/10,6.2
05/31/10,.
06/01/10,6.21
06/02/10,6.26
06/03/10,6.31
06/04/10,6.15
06/07/10,6.17
06/08/10,6.17
06/09/10,6.2
06/10/10,6.34
06/11/10,6.28
06/14/10,6.34
06/15/10,6.37
06/16/10,6.34
06/17/10,6.25
06/18/10,6.28
06/21/10,6.28
06/22/10,6.22
06/23/10,6.18
06/24/10,6.22
06/25/10,6.21
06/28/10,6.15
06/29/10,6.09
06/30/10,6.05
07/01/10,5.98
07/02/10,6.04
07/05/10,.
07/06/10,6
07/07/10,6.08
07/08/10,6.11
07/09/10,6.14
07/12/10,6.13
07/13/10,6.18
07/14/10,6.09
07/15/10,6.02
07/16/10,6
07/19/10,6.03
07/20/10,5.97
07/21/10,5.88
07/22/10,5.93
07/23/10,5.97
07/26/10,5.95
07/27/10,5.98
07/28/10,5.95
07/29/10,5.95
07/30/10,5.85
08/02/10,5.89
08/03/10,5.86
08/04/10,5.88
08/05/10,5.87
08/06/10,5.8
08/09/10,5.81
08/10/10,5.84
08/11/10,5.75
08/12/10,5.78
08/13/10,5.73
08/16/10,5.58
08/17/10,5.63
08/18/10,5.58
08/19/10,5.51
08/20/10,5.52
08/23/10,5.54
08/24/10,5.45
08/25/10,5.48
08/26/10,5.45
08/27/10,5.62
08/30/10,5.53
08/31/10,5.48
09/01/10,5.59
09/02/10,5.65
09/03/10,5.69
09/06/10,.
09/07/10,5.57
09/08/10,5.61
09/09/10,5.73
09/10/10,5.75
09/13/10,5.71
09/14/10,5.65
09/15/10,5.74
09/16/10,5.79
09/17/10,5.78
09/20/10,5.74
09/21/10,5.66
09/22/10,5.61
09/23/10,5.6
09/24/10,5.67
09/27/10,5.58
09/28/10,5.54
09/29/10,5.58
09/30/10,5.58
10/01/10,5.61
10/04/10,5.6
10/05/10,5.61
10/06/10,5.54
10/07/10,5.59
10/08/10,5.62
10/11/10,.
10/12/10,5.66
10/13/10,5.68
10/14/10,5.75
10/15/10,5.85
10/18/10,5.78
10/19/10,5.75
10/20/10,5.74
10/21/10,5.77
10/22/10,5.77
10/25/10,5.72
10/26/10,5.8
10/27/10,5.84
10/28/10,5.85
10/29/10,5.78
11/01/10,5.79
11/02/10,5.71
11/03/10,5.83
11/04/10,5.77
11/05/10,5.85
11/08/10,5.85
11/09/10,5.97
11/10/10,5.96
11/11/10,5.97
11/12/10,6
11/15/10,6.12
11/16/10,6
11/17/10,6.02
11/18/10,6.02
11/19/10,5.99
11/22/10,5.94
11/23/10,5.9
11/24/10,6.03
11/25/10,.
11/26/10,5.94
11/29/10,5.88
11/30/10,5.84
12/01/10,5.98
12/02/10,6
12/03/10,6.05
12/06/10,5.97
12/07/10,6.14
12/08/10,6.16
12/09/10,6.09
12/10/10,6.11
12/13/10,6.09
12/14/10,6.24
12/15/10,6.27
12/16/10,6.24
12/17/10,6.06
12/20/10,6.11
12/21/10,6.07
12/22/10,6.09
12/23/10,6.11
12/24/10,.
12/27/10,6.06
12/28/10,6.18
12/29/10,6.05
12/30/10,6.07
12/31/10,5.98
01/03/11,6.04
01/04/11,6.07
01/05/11,6.17
01/06/11,6.11
01/07/11,6.07
01/10/11,6.07
01/11/11,6.05
01/12/11,6.08
01/13/11,6.05
01/14/11,6.09
01/17/11,.
01/18/11,6.11
01/19/11,6.07
01/20/11,6.17
01/21/11,6.12
01/24/11,6.1
01/25/11,6.01
01/26/11,6.13
01/27/11,6.09
01/28/11,6.06
01/31/11,6.1
02/01/11,6.14
02/02/11,6.16
02/03/11,6.19
02/04/11,6.25
02/07/11,6.21
02/08/11,6.25
02/09/11,6.18
02/10/11,6.25
02/11/11,6.2
02/14/11,6.15
02/15/11,6.14
02/16/11,6.15
02/17/11,6.14
02/18/11,6.17
02/21/11,.
02/22/11,6.08
02/23/11,6.09
02/24/11,6.05
02/25/11,6.02
02/28/11,5.99
03/01/11,6
03/02/11,6.06
03/03/11,6.13
03/04/11,6.09
03/07/11,6.1
03/08/11,6.15
03/09/11,6.09
03/10/11,6.03
03/11/11,6.03
03/14/11,6.01
03/15/11,6.01
03/16/11,5.93
03/17/11,5.97
03/18/11,5.97
03/21/11,5.98
03/22/11,5.98
03/23/11,5.99
03/24/11,6.01
03/25/11,6.04
03/28/11,6.03
03/29/11,6.09
03/30/11,6.06
03/31/11,6.05
04/01/11,6.04
04/04/11,6.03
04/05/11,6.05
04/06/11,6.11
04/07/11,6.15
04/08/11,6.15
04/11/11,6.14
04/12/11,6.1
04/13/11,6.07
04/14/11,6.06
04/15/11,5.99
04/18/11,5.98
04/19/11,5.95
04/20/11,5.98
04/21/11,5.99
04/22/11,.
04/25/11,5.97
04/26/11,5.91
04/27/11,5.96
04/28/11,5.93
04/29/11,5.9
05/02/11,5.88
05/03/11,5.85
05/04/11,5.81
05/05/11,5.77
05/06/11,5.79
05/09/11,5.81
05/10/11,5.84
05/11/11,5.8
05/12/11,5.86
05/13/11,5.82
05/16/11,5.75
05/17/11,5.71
05/18/11,5.77
05/19/11,5.78
05/20/11,5.78
05/23/11,5.75
05/24/11,5.74
05/25/11,5.77
05/26/11,5.71
05/27/11,5.72
05/30/11,.
05/31/11,5.7
06/01/11,5.64
06/02/11,5.74
06/03/11,5.72
06/06/11,5.76
06/07/11,5.76
06/08/11,5.71
06/09/11,5.74
06/10/11,5.7
06/13/11,5.72
06/14/11,5.82
06/15/11,5.72
06/16/11,5.68
06/17/11,5.73
06/20/11,5.73
06/21/11,5.74
06/22/11,5.75
06/23/11,5.69
06/24/11,5.71
06/27/11,5.82
06/28/11,5.86
06/29/11,5.89
06/30/11,5.9
