DATE,DGS10
01/04/93,6.6
01/05/93,6.61
01/06/93,6.63
01/07/93,6.76
01/08/93,6.75
01/11/93,6.71
01/12/93,6.72
01/13/93,6.71
01/14/93,6.65
01/15/93,6.6
01/18/93,.
01/19/93,6.59
01/20/93,6.61
01/21/93,6.6
01/22/93,6.57
01/25/93,6.48
01/26/93,6.5
01/27/93,6.48
01/28/93,6.44
01/29/93,6.39
02/01/93,6.38
02/02/93,6.46
02/03/93,6.45
02/04/93,6.39
02/05/93,6.32
02/08/93,6.37
02/09/93,6.41
02/10/93,6.4
02/11/93,6.37
02/12/93,6.35
02/15/93,.
02/16/93,6.34
02/17/93,6.28
02/18/93,6.17
02/19/93,6.15
02/22/93,6.09
02/23/93,5.92
02/24/93,6.01
02/25/93,6.03
02/26/93,6.03
03/01/93,5.94
03/02/93,5.95
03/03/93,5.88
03/04/93,5.83
03/05/93,5.9
03/08/93,5.85
03/09/93,5.91
03/10/93,5.97
03/11/93,5.96
03/12/93,6.11
03/15/93,6.17
03/16/93,6.06
03/17/93,6.02
03/18/93,5.93
03/19/93,5.95
03/22/93,5.96
03/23/93,5.91
03/24/93,5.95
03/25/93,5.98
03/26/93,6.09
03/29/93,6.06
03/30/93,6.02
03/31/93,6.03
04/01/93,6.06
04/02/93,6.16
04/05/93,6.13
04/06/93,6.08
04/07/93,6.07
04/08/93,5.97
04/09/93,.
04/12/93,5.92
04/13/93,5.93
04/14/93,5.9
04/15/93,5.88
04/16/93,5.89
04/19/93,5.87
04/20/93,5.87
04/21/93,5.86
04/22/93,5.85
04/23/93,5.89
04/26/93,5.94
04/27/93,6.02
04/28/93,6.03
04/29/93,5.99
04/30/93,6.05
05/03/93,5.96
05/04/93,5.92
05/05/93,5.93
05/06/93,5.89
05/07/93,5.92
05/10/93,5.89
05/11/93,5.89
05/12/93,5.96
05/13/93,6.02
05/14/93,6.03
05/17/93,6.07
05/18/93,6.15
05/19/93,6.11
05/20/93,6.09
05/21/93,6.16
05/24/93,6.16
05/25/93,6.17
05/26/93,6.12
05/27/93,6.11
05/28/93,6.16
05/31/93,.
06/01/93,6.07
06/02/93,6.06
06/03/93,6.02
06/04/93,6.11
06/07/93,6.08
06/08/93,6.09
06/09/93,6.07
06/10/93,6.07
06/11/93,5.97
06/14/93,5.97
06/15/93,5.96
06/16/93,5.96
06/17/93,5.93
06/18/93,5.97
06/21/93,5.92
06/22/93,5.91
06/23/93,5.91
06/24/93,5.88
06/25/93,5.84
06/28/93,5.8
06/29/93,5.79
06/30/93,5.8
07/01/93,5.8
07/02/93,5.76
07/05/93,.
07/06/93,5.8
07/07/93,5.8
07/08/93,5.78
07/09/93,5.76
07/12/93,5.75
07/13/93,5.78
07/14/93,5.72
07/15/93,5.72
07/16/93,5.71
07/19/93,5.71
07/20/93,5.75
07/21/93,5.83
07/22/93,5.9
07/23/93,5.95
07/26/93,5.93
07/27/93,5.92
07/28/93,5.9
07/29/93,5.81
07/30/93,5.83
08/02/93,5.85
08/03/93,5.83
08/04/93,5.87
08/05/93,5.86
08/06/93,5.86
08/09/93,5.82
08/10/93,5.82
08/11/93,5.75
08/12/93,5.77
08/13/93,5.72
08/16/93,5.68
08/17/93,5.7
08/18/93,5.69
08/19/93,5.64
08/20/93,5.61
08/23/93,5.6
08/24/93,5.54
08/25/93,5.51
08/26/93,5.42
08/27/93,5.48
08/30/93,5.44
08/31/93,5.45
09/01/93,5.46
09/02/93,5.41
09/03/93,5.31
09/06/93,.
09/07/93,5.23
09/08/93,5.23
09/09/93,5.35
09/10/93,5.29
09/13/93,5.26
09/14/93,5.37
09/15/93,5.39
09/16/93,5.37
09/17/93,5.38
09/20/93,5.42
09/21/93,5.47
09/22/93,5.45
09/23/93,5.42
09/24/93,5.42
09/27/93,5.3
09/28/93,5.28
09/29/93,5.35
09/30/93,5.4
10/01/93,5.34
10/04/93,5.34
10/05/93,5.35
10/06/93,5.35
10/07/93,5.33
10/08/93,5.26
10/11/93,.
10/12/93,5.27
10/13/93,5.27
10/14/93,5.23
10/15/93,5.19
10/18/93,5.27
10/19/93,5.27
10/20/93,5.26
10/21/93,5.35
10/22/93,5.42
10/25/93,5.47
10/26/93,5.43
10/27/93,5.44
10/28/93,5.41
10/29/93,5.43
11/01/93,5.56
11/02/93,5.63
11/03/93,5.67
11/04/93,5.67
11/05/93,5.75
11/08/93,5.7
11/09/93,5.64
11/10/93,5.72
11/11/93,.
11/12/93,5.66
11/15/93,5.69
11/16/93,5.66
11/17/93,5.65
11/18/93,5.72
11/19/93,5.84
11/22/93,5.89
11/23/93,5.82
11/24/93,5.84
11/25/93,.
11/26/93,5.78
11/29/93,5.76
11/30/93,5.83
12/01/93,5.82
12/02/93,5.81
12/03/93,5.8
12/06/93,5.72
12/07/93,5.71
12/08/93,5.71
12/09/93,5.68
12/10/93,5.73
12/13/93,5.78
12/14/93,5.82
12/15/93,5.83
12/16/93,5.84
12/17/93,5.81
12/20/93,5.83
12/21/93,5.85
12/22/93,5.74
12/23/93,5.72
12/24/93,.
12/27/93,5.72
12/28/93,5.72
12/29/93,5.74
12/30/93,5.82
12/31/93,5.83
01/03/94,5.92
01/04/94,5.88
01/05/94,5.9
01/06/94,5.84
01/07/94,5.7
01/10/94,5.67
01/11/94,5.67
01/12/94,5.6
01/13/94,5.71
01/14/94,5.78
01/17/94,.
01/18/94,5.74
01/19/94,5.76
01/20/94,5.71
01/21/94,5.73
01/24/94,5.74
01/25/94,5.78
01/26/94,5.77
01/27/94,5.73
01/28/94,5.68
01/31/94,5.7
02/01/94,5.77
02/02/94,5.77
02/03/94,5.81
02/04/94,5.94
02/07/94,5.96
02/08/94,6.01
02/09/94,5.92
02/10/94,5.91
02/11/94,5.88
02/14/94,5.9
02/15/94,5.88
02/16/94,5.89
02/17/94,6
02/18/94,6.09
02/21/94,.
02/22/94,6.05
02/23/94,6.13
02/24/94,6.22
02/25/94,6.21
02/28/94,6.15
03/01/94,6.28
03/02/94,6.3
03/03/94,6.35
03/04/94,6.38
03/07/94,6.32
03/08/94,6.38
03/09/94,6.38
03/10/94,6.48
03/11/94,6.46
03/14/94,6.5
03/15/94,6.47
03/16/94,6.4
03/17/94,6.4
03/18/94,6.49
03/21/94,6.55
03/22/94,6.44
03/23/94,6.44
03/24/94,6.58
03/25/94,6.61
03/28/94,6.63
03/29/94,6.71
03/30/94,6.78
03/31/94,6.77
04/01/94,.
04/04/94,7.16
04/05/94,6.97
04/06/94,6.93
04/07/94,6.86
04/08/94,6.94
04/11/94,6.92
04/12/94,6.87
04/13/94,6.93
04/14/94,6.97
04/15/94,6.97
04/18/94,7.14
04/19/94,7.1
04/20/94,7.05
04/21/94,6.91
04/22/94,6.93
04/25/94,6.86
04/26/94,6.86
04/27/94,.
04/28/94,7.04
04/29/94,7.06
05/02/94,7.09
05/03/94,7.13
05/04/94,7.14
05/05/94,7.11
05/06/94,7.35
05/09/94,7.49
05/10/94,7.33
05/11/94,7.4
05/12/94,7.36
05/13/94,7.29
05/16/94,7.24
05/17/94,7.03
05/18/94,7.03
05/19/94,6.96
05/20/94,7.02
05/23/94,7.19
05/24/94,7.17
05/25/94,7.14
05/26/94,7.09
05/27/94,7.12
05/30/94,.
05/31/94,7.17
06/01/94,7.12
06/02/94,7.07
06/03/94,6.98
06/06/94,6.91
06/07/94,6.95
06/08/94,6.96
06/09/94,6.98
06/10/94,7.03
06/13/94,7.07
06/14/94,7
06/15/94,7.1
06/16/94,7.07
06/17/94,7.14
06/20/94,7.16
06/21/94,7.22
06/22/94,7.13
06/23/94,7.1
06/24/94,7.22
06/27/94,7.18
06/28/94,7.26
06/29/94,7.24
06/30/94,7.34
07/01/94,7.34
07/04/94,.
07/05/94,7.31
07/06/94,7.32
07/07/94,7.3
07/08/94,7.42
07/11/94,7.47
07/12/94,7.43
07/13/94,7.41
07/14/94,7.25
07/15/94,7.25
07/18/94,7.2
07/19/94,7.15
07/20/94,7.25
07/21/94,7.27
07/22/94,7.29
07/25/94,7.27
07/26/94,7.28
07/27/94,7.34
07/28/94,7.29
07/29/94,7.12
08/01/94,7.13
08/02/94,7.11
08/03/94,7.09
08/04/94,7.12
08/05/94,7.28
08/08/94,7.28
08/09/94,7.33
08/10/94,7.3
08/11/94,7.36
08/12/94,7.27
08/15/94,7.3
08/16/94,7.19
08/17/94,7.15
08/18/94,7.28
08/19/94,7.27
08/22/94,7.31
08/23/94,7.28
08/24/94,7.22
08/25/94,7.29
08/26/94,7.24
08/29/94,7.24
08/30/94,7.2
08/31/94,7.19
09/01/94,7.19
09/02/94,7.21
09/05/94,.
09/06/94,7.27
09/07/94,7.29
09/08/94,7.3
09/09/94,7.44
09/12/94,7.46
09/13/94,7.44
09/14/94,7.41
09/15/94,7.35
09/16/94,7.52
09/19/94,7.49
09/20/94,7.53
09/21/94,7.56
09/22/94,7.56
09/23/94,7.57
09/26/94,7.57
09/27/94,7.61
09/28/94,7.57
09/29/94,7.64
09/30/94,7.62
10/03/94,7.66
10/04/94,7.7
10/05/94,7.77
10/06/94,7.78
10/07/94,7.7
10/10/94,.
10/11/94,7.65
10/12/94,7.69
10/13/94,7.64
10/14/94,7.61
10/17/94,7.62
10/18/94,7.64
10/19/94,7.68
10/20/94,7.8
10/21/94,7.81
10/24/94,7.86
10/25/94,7.88
10/26/94,7.88
10/27/94,7.88
10/28/94,7.82
10/31/94,7.81
11/01/94,7.91
11/02/94,7.96
11/03/94,7.96
11/04/94,8.04
11/07/94,8.05
11/08/94,8.01
11/09/94,7.94
11/10/94,7.98
11/11/94,.
11/14/94,7.94
11/15/94,7.92
11/16/94,7.97
11/17/94,8.03
11/18/94,8.01
11/21/94,8.03
11/22/94,8
11/23/94,7.81
11/24/94,.
11/25/94,7.8
11/28/94,7.88
11/29/94,7.95
11/30/94,7.91
12/01/94,7.92
12/02/94,7.81
12/05/94,7.83
12/06/94,7.73
12/07/94,7.81
12/08/94,7.79
12/09/94,7.79
12/12/94,7.85
12/13/94,7.83
12/14/94,7.8
12/15/94,7.79
12/16/94,7.81
12/19/94,7.81
12/20/94,7.81
12/21/94,7.8
12/22/94,7.84
12/23/94,7.85
12/26/94,.
12/27/94,7.76
12/28/94,7.8
12/29/94,7.82
12/30/94,7.84
01/02/95,.
01/03/95,7.88
01/04/95,7.82
01/05/95,7.88
01/06/95,7.87
01/09/95,7.89
01/10/95,7.84
01/11/95,7.79
01/12/95,7.8
01/13/95,7.69
01/16/95,.
01/17/95,7.7
01/18/95,7.71
01/19/95,7.74
01/20/95,7.82
01/23/95,7.83
01/24/95,7.86
01/25/95,7.8
01/26/95,7.76
01/27/95,7.66
01/30/95,7.65
01/31/95,7.6
02/01/95,7.66
02/02/95,7.68
02/03/95,7.49
02/06/95,7.53
02/07/95,7.52
02/08/95,7.53
02/09/95,7.58
02/10/95,7.62
02/13/95,7.61
02/14/95,7.51
02/15/95,7.45
02/16/95,7.4
02/17/95,7.43
02/20/95,.
02/21/95,7.44
02/22/95,7.34
02/23/95,7.34
02/24/95,7.33
02/27/95,7.24
02/28/95,7.22
03/01/95,7.23
03/02/95,7.3
03/03/95,7.36
03/06/95,7.41
03/07/95,7.44
03/08/95,7.36
03/09/95,7.3
03/10/95,7.23
03/13/95,7.19
03/14/95,7.09
03/15/95,7.09
03/16/95,7.05
03/17/95,7.12
03/20/95,7.12
03/21/95,7.16
03/22/95,7.21
03/23/95,7.21
03/24/95,7.09
03/27/95,7.05
03/28/95,7.16
03/29/95,7.16
03/30/95,7.18
03/31/95,7.2
04/03/95,7.14
04/04/95,7.12
04/05/95,7.12
04/06/95,7.09
04/07/95,7.11
04/10/95,7.12
04/11/95,7.09
04/12/95,7.06
04/13/95,7.03
04/14/95,.
04/17/95,7.04
04/18/95,7.04
04/19/95,7.06
04/20/95,7.02
04/21/95,7.01
04/24/95,7.01
04/25/95,7.01
04/26/95,7.01
04/27/95,7.04
04/28/95,7.07
05/01/95,7.09
05/02/95,7.04
05/03/95,6.96
05/04/95,6.85
05/05/95,6.69
05/08/95,6.7
05/09/95,6.61
05/10/95,6.66
05/11/95,6.68
05/12/95,6.67
05/15/95,6.62
05/16/95,6.57
05/17/95,6.53
05/18/95,6.61
05/19/95,6.61
05/22/95,6.63
05/23/95,6.57
05/24/95,6.44
05/25/95,6.39
05/26/95,6.4
05/29/95,.
05/30/95,6.3
05/31/95,6.3
06/01/95,6.2
06/02/95,6.1
06/05/95,6.08
06/06/95,6.08
06/07/95,6.2
06/08/95,6.22
06/09/95,6.4
06/12/95,6.37
06/13/95,6.14
06/14/95,6.15
06/15/95,6.18
06/16/95,6.21
06/19/95,6.13
06/20/95,6.16
06/21/95,6.13
06/22/95,6.04
06/23/95,6.06
06/26/95,6.11
06/27/95,6.15
06/28/95,6.1
06/29/95,6.28
06/30/95,6.21
07/03/95,6.21
07/04/95,.
07/05/95,6.19
07/06/95,6.05
07/07/95,6.04
07/10/95,6.04
07/11/95,6.09
07/12/95,6.1
07/13/95,6.09
07/14/95,6.15
07/17/95,6.22
07/18/95,6.25
07/19/95,6.43
07/20/95,6.43
07/21/95,6.53
07/24/95,6.46
07/25/95,6.43
07/26/95,6.48
07/27/95,6.43
07/28/95,6.49
07/31/95,6.45
08/01/95,6.5
08/02/95,6.44
08/03/95,6.53
08/04/95,6.5
08/07/95,6.48
08/08/95,6.47
08/09/95,6.47
08/10/95,6.51
08/11/95,6.59
08/14/95,6.59
08/15/95,6.57
08/16/95,6.54
08/17/95,6.57
08/18/95,6.57
08/21/95,6.54
08/22/95,6.57
08/23/95,6.6
08/24/95,6.5
08/25/95,6.38
08/28/95,6.34
08/29/95,6.36
08/30/95,6.33
08/31/95,6.28
09/01/95,6.22
09/04/95,.
09/05/95,6.18
09/06/95,6.17
09/07/95,6.21
09/08/95,6.24
09/11/95,6.24
09/12/95,6.16
09/13/95,6.18
09/14/95,6.08
09/15/95,6.11
09/18/95,6.17
09/19/95,6.14
09/20/95,6.1
09/21/95,6.21
09/22/95,6.25
09/25/95,6.26
09/26/95,6.28
09/27/95,6.3
09/28/95,6.28
09/29/95,6.17
10/02/95,6.15
10/03/95,6.13
10/04/95,6.12
10/05/95,6.06
10/06/95,6.06
10/09/95,.
10/10/95,6.07
10/11/95,6.09
10/12/95,6.07
10/13/95,5.97
10/16/95,5.97
10/17/95,5.97
10/18/95,5.99
10/19/95,5.98
10/20/95,6.04
10/23/95,6.07
10/24/95,6.02
10/25/95,6
10/26/95,6.06
10/27/95,6.05
10/30/95,6.04
10/31/95,6.03
11/01/95,5.98
11/02/95,5.92
11/03/95,5.94
11/06/95,5.96
11/07/95,5.99
11/08/95,5.92
11/09/95,5.97
11/10/95,6
11/13/95,5.98
11/14/95,5.97
11/15/95,6
11/16/95,5.93
11/17/95,5.92
11/20/95,5.93
11/21/95,5.92
11/22/95,5.93
11/23/95,.
11/24/95,5.91
11/27/95,5.88
11/28/95,5.88
11/29/95,5.85
11/30/95,5.76
12/01/95,5.71
12/04/95,5.63
12/05/95,5.65
12/06/95,5.67
12/07/95,5.72
12/08/95,5.73
12/11/95,5.71
12/12/95,5.72
12/13/95,5.74
12/14/95,5.74
12/15/95,5.75
12/18/95,5.85
12/19/95,5.81
12/20/95,5.76
12/21/95,5.77
12/22/95,5.71
12/25/95,.
12/26/95,5.69
12/27/95,5.66
12/28/95,5.63
12/29/95,5.58
01/01/96,.
01/02/96,5.6
01/03/96,5.58
01/04/96,5.65
01/05/96,5.69
01/08/96,5.68
01/09/96,5.7
01/10/96,5.8
01/11/96,5.78
01/12/96,5.75
01/15/96,.
01/16/96,5.66
01/17/96,5.58
01/18/96,5.53
01/19/96,5.54
01/22/96,5.61
01/23/96,5.66
01/24/96,5.62
01/25/96,5.7
01/26/96,5.65
01/29/96,5.69
01/30/96,5.63
01/31/96,5.6
02/01/96,5.63
02/02/96,5.66
02/05/96,5.7
02/06/96,5.68
02/07/96,5.66
02/08/96,5.66
02/09/96,5.66
02/12/96,5.61
02/13/96,5.58
02/14/96,5.62
02/15/96,5.7
02/16/96,5.76
02/19/96,.
02/20/96,6.01
02/21/96,5.98
02/22/96,5.92
02/23/96,5.97
02/26/96,6.01
02/27/96,6.06
02/28/96,6.11
02/29/96,6.13
03/01/96,5.99
03/04/96,5.92
03/05/96,5.96
03/06/96,6.05
03/07/96,6.07
03/08/96,6.41
03/11/96,6.33
03/12/96,6.36
03/13/96,6.35
03/14/96,6.36
03/15/96,6.46
03/18/96,6.43
03/19/96,6.41
03/20/96,6.34
03/21/96,6.28
03/22/96,6.32
03/25/96,6.26
03/26/96,6.25
03/27/96,6.34
03/28/96,6.41
03/29/96,6.34
04/01/96,6.31
04/02/96,6.25
04/03/96,6.27
04/04/96,6.33
04/05/96,6.57
04/08/96,6.63
04/09/96,6.56
04/10/96,6.63
04/11/96,6.68
04/12/96,6.52
04/15/96,6.47
04/16/96,6.48
04/17/96,6.52
04/18/96,6.58
04/19/96,6.53
04/22/96,6.48
04/23/96,6.52
04/24/96,6.57
04/25/96,6.56
04/26/96,6.54
04/29/96,6.59
04/30/96,6.66
05/01/96,6.68
05/02/96,6.85
05/03/96,6.9
05/06/96,6.86
05/07/96,6.87
05/08/96,6.78
05/09/96,6.84
05/10/96,6.75
05/13/96,6.72
05/14/96,6.66
05/15/96,6.65
05/16/96,6.7
05/17/96,6.65
05/20/96,6.62
05/21/96,6.65
05/22/96,6.63
05/23/96,6.68
05/24/96,6.65
05/27/96,.
05/28/96,6.67
05/29/96,6.77
05/30/96,6.78
05/31/96,6.85
06/03/96,6.87
06/04/96,6.86
06/05/96,6.82
06/06/96,6.76
06/07/96,6.93
06/10/96,6.97
06/11/96,6.99
06/12/96,7.03
06/13/96,7.01
06/14/96,6.95
06/17/96,6.9
06/18/96,6.93
06/19/96,6.96
06/20/96,6.98
06/21/96,6.96
06/24/96,6.94
06/25/96,6.91
06/26/96,6.91
06/27/96,6.83
06/28/96,6.73
07/01/96,6.74
07/02/96,6.8
07/03/96,6.78
07/04/96,.
07/05/96,7.06
07/08/96,7.05
07/09/96,7
07/10/96,6.95
07/11/96,6.9
07/12/96,6.85
07/15/96,6.89
07/16/96,6.84
07/17/96,6.83
07/18/96,6.72
07/19/96,6.78
07/22/96,6.84
07/23/96,6.8
07/24/96,6.87
07/25/96,6.87
07/26/96,6.85
07/29/96,6.93
07/30/96,6.89
07/31/96,6.8
08/01/96,6.65
08/02/96,6.51
08/05/96,6.53
08/06/96,6.54
08/07/96,6.55
08/08/96,6.56
08/09/96,6.5
08/12/96,6.49
08/13/96,6.57
08/14/96,6.58
08/15/96,6.62
08/16/96,6.56
08/19/96,6.59
08/20/96,6.59
08/21/96,6.61
08/22/96,6.62
08/23/96,6.72
08/26/96,6.8
08/27/96,6.78
08/28/96,6.79
08/29/96,6.86
08/30/96,6.96
09/02/96,.
09/03/96,6.92
09/04/96,6.94
09/05/96,6.98
09/06/96,6.94
09/09/96,6.9
09/10/96,6.94
09/11/96,6.94
09/12/96,6.88
09/13/96,6.74
09/16/96,6.73
09/17/96,6.81
09/18/96,6.83
09/19/96,6.87
09/20/96,6.85
09/23/96,6.83
09/24/96,6.77
09/25/96,6.71
09/26/96,6.66
09/27/96,6.68
09/30/96,6.72
10/01/96,6.65
10/02/96,6.61
10/03/96,6.61
10/04/96,6.48
10/07/96,6.53
10/08/96,6.53
10/09/96,6.55
10/10/96,6.61
10/11/96,6.55
10/14/96,.
10/15/96,6.56
10/16/96,6.57
10/17/96,6.51
10/18/96,6.5
10/21/96,6.52
10/22/96,6.56
10/23/96,6.56
10/24/96,6.57
10/25/96,6.54
10/28/96,6.56
10/29/96,6.4
10/30/96,6.4
10/31/96,6.37
11/01/96,6.38
11/04/96,6.36
11/05/96,6.28
11/06/96,6.3
11/07/96,6.26
11/08/96,6.29
11/11/96,.
11/12/96,6.19
11/13/96,6.2
11/14/96,6.15
11/15/96,6.19
11/18/96,6.2
11/19/96,6.17
11/20/96,6.14
11/21/96,6.15
11/22/96,6.15
11/25/96,6.13
11/26/96,6.13
11/27/96,6.14
11/28/96,.
11/29/96,6.06
12/02/96,6.08
12/03/96,6.06
12/04/96,6.11
12/05/96,6.22
12/06/96,6.26
12/09/96,6.21
12/10/96,6.23
12/11/96,6.38
12/12/96,6.4
12/13/96,6.33
12/16/96,6.39
12/17/96,6.42
12/18/96,6.46
12/19/96,6.36
12/20/96,6.35
12/23/96,6.34
12/24/96,6.36
12/25/96,.
12/26/96,6.35
12/27/96,6.3
12/30/96,6.31
12/31/96,6.43
01/01/97,.
01/02/97,6.54
01/03/97,6.52
01/06/97,6.54
01/07/97,6.57
01/08/97,6.6
01/09/97,6.52
01/10/97,6.63
01/13/97,6.63
01/14/97,6.53
01/15/97,6.53
01/16/97,6.57
01/17/97,6.56
01/20/97,.
01/21/97,6.52
01/22/97,6.56
01/23/97,6.6
01/24/97,6.64
01/27/97,6.69
01/28/97,6.64
01/29/97,6.63
01/30/97,6.61
01/31/97,6.53
02/03/97,6.47
02/04/97,6.45
02/05/97,6.47
02/06/97,6.49
02/07/97,6.43
02/10/97,6.43
02/11/97,6.43
02/12/97,6.39
02/13/97,6.32
02/14/97,6.28
02/17/97,.
02/18/97,6.28
02/19/97,6.3
02/20/97,6.38
02/21/97,6.36
02/24/97,6.39
02/25/97,6.4
02/26/97,6.56
02/27/97,6.58
02/28/97,6.56
03/03/97,6.58
03/04/97,6.6
03/05/97,6.6
03/06/97,6.62
03/07/97,6.57
03/10/97,6.56
03/11/97,6.57
03/12/97,6.6
03/13/97,6.72
03/14/97,6.71
03/17/97,6.72
03/18/97,6.72
03/19/97,6.74
03/20/97,6.75
03/21/97,6.74
03/24/97,6.72
03/25/97,6.75
03/26/97,6.8
03/27/97,6.9
03/28/97,.
03/31/97,6.92
04/01/97,6.9
04/02/97,6.88
04/03/97,6.86
04/04/97,6.92
04/07/97,6.87
04/08/97,6.91
04/09/97,6.91
04/10/97,6.91
04/11/97,6.98
04/14/97,6.98
04/15/97,6.88
04/16/97,6.9
04/17/97,6.86
04/18/97,6.84
04/21/97,6.87
04/22/97,6.84
04/23/97,6.89
04/24/97,6.93
04/25/97,6.94
04/28/97,6.92
04/29/97,6.77
04/30/97,6.72
05/01/97,6.69
05/02/97,6.68
05/05/97,6.67
05/06/97,6.67
05/07/97,6.76
05/08/97,6.72
05/09/97,6.67
05/12/97,6.65
05/13/97,6.71
05/14/97,6.68
05/15/97,6.67
05/16/97,6.7
05/19/97,6.71
05/20/97,6.7
05/21/97,6.74
05/22/97,6.76
05/23/97,6.74
05/26/97,.
05/27/97,6.79
05/28/97,6.8
05/29/97,6.75
05/30/97,6.67
06/02/97,6.66
06/03/97,6.63
06/04/97,6.62
06/05/97,6.62
06/06/97,6.51
06/09/97,6.55
06/10/97,6.57
06/11/97,6.56
06/12/97,6.48
06/13/97,6.43
06/16/97,6.4
06/17/97,6.43
06/18/97,6.4
06/19/97,6.4
06/20/97,6.37
06/23/97,6.4
06/24/97,6.42
06/25/97,6.45
06/26/97,6.5
06/27/97,6.46
06/30/97,6.51
07/01/97,6.45
07/02/97,6.42
07/03/97,6.31
07/04/97,.
07/07/97,6.27
07/08/97,6.27
07/09/97,6.25
07/10/97,6.26
07/11/97,6.23
07/14/97,6.26
07/15/97,6.26
07/16/97,6.2
07/17/97,6.19
07/18/97,6.24
07/21/97,6.27
07/22/97,6.15
07/23/97,6.14
07/24/97,6.16
07/25/97,6.18
07/28/97,6.16
07/29/97,6.11
07/30/97,6.05
07/31/97,6.02
08/01/97,6.2
08/04/97,6.23
08/05/97,6.23
08/06/97,6.21
08/07/97,6.24
08/08/97,6.38
08/11/97,6.36
08/12/97,6.39
08/13/97,6.36
08/14/97,6.27
08/15/97,6.27
08/18/97,6.21
08/19/97,6.21
08/20/97,6.24
08/21/97,6.3
08/22/97,6.38
08/25/97,6.39
08/26/97,6.38
08/27/97,6.38
08/28/97,6.3
08/29/97,6.34
09/01/97,.
09/02/97,6.31
09/03/97,6.33
09/04/97,6.33
09/05/97,6.37
09/08/97,6.33
09/09/97,6.34
09/10/97,6.37
09/11/97,6.39
09/12/97,6.29
09/15/97,6.28
09/16/97,6.11
09/17/97,6.1
09/18/97,6.11
09/19/97,6.09
09/22/97,6.06
09/23/97,6.1
09/24/97,6.04
09/25/97,6.13
09/26/97,6.08
09/29/97,6.1
09/30/97,6.12
10/01/97,6.04
10/02/97,6.01
10/03/97,6.01
10/06/97,5.96
10/07/97,5.94
10/08/97,6.08
10/09/97,6.09
10/10/97,6.15
10/13/97,.
10/14/97,6.07
10/15/97,6.1
10/16/97,6.09
10/17/97,6.17
10/20/97,6.15
10/21/97,6.14
10/22/97,6.12
10/23/97,6.04
10/24/97,6.01
10/27/97,5.91
10/28/97,5.98
10/29/97,5.91
10/30/97,5.84
10/31/97,5.84
11/03/97,5.91
11/04/97,5.95
11/05/97,5.95
11/06/97,5.9
11/07/97,5.9
11/10/97,5.91
11/11/97,.
11/12/97,5.89
11/13/97,5.87
11/14/97,5.86
11/17/97,5.85
11/18/97,5.85
11/19/97,5.82
11/20/97,5.84
11/21/97,5.82
11/24/97,5.86
11/25/97,5.85
11/26/97,5.86
11/27/97,.
11/28/97,5.86
12/01/97,5.86
12/02/97,5.86
12/03/97,5.83
12/04/97,5.84
12/05/97,5.92
12/08/97,5.96
12/09/97,5.95
12/10/97,5.9
12/11/97,5.82
12/12/97,5.74
12/15/97,5.78
12/16/97,5.77
12/17/97,5.81
12/18/97,5.76
12/19/97,5.72
12/22/97,5.72
12/23/97,5.73
12/24/97,5.76
12/25/97,.
12/26/97,5.75
12/29/97,5.76
12/30/97,5.8
12/31/97,5.75
01/01/98,.
01/02/98,5.67
01/05/98,5.52
01/06/98,5.49
01/07/98,5.55
01/08/98,5.49
01/09/98,5.4
01/12/98,5.39
01/13/98,5.41
01/14/98,5.45
01/15/98,5.48
01/16/98,5.54
01/19/98,.
01/20/98,5.57
01/21/98,5.54
01/22/98,5.56
01/23/98,5.7
01/26/98,5.63
01/27/98,5.7
01/28/98,5.69
01/29/98,5.58
01/30/98,5.53
02/02/98,5.57
02/03/98,5.56
02/04/98,5.57
02/05/98,5.62
02/06/98,5.62
02/09/98,5.65
02/10/98,5.64
02/11/98,5.53
02/12/98,5.52
02/13/98,5.49
02/16/98,.
02/17/98,5.44
02/18/98,5.49
02/19/98,5.51
02/20/98,5.54
02/23/98,5.58
02/24/98,5.69
02/25/98,5.63
02/26/98,5.65
02/27/98,5.62
03/02/98,5.72
03/03/98,5.77
03/04/98,5.76
03/05/98,5.78
03/06/98,5.73
03/09/98,5.67
03/10/98,5.67
03/11/98,5.63
03/12/98,5.56
03/13/98,5.58
03/16/98,5.54
03/17/98,5.56
03/18/98,5.58
03/19/98,5.58
03/20/98,5.57
03/23/98,5.57
03/24/98,5.58
03/25/98,5.64
03/26/98,5.68
03/27/98,5.68
03/30/98,5.72
03/31/98,5.67
04/01/98,5.62
04/02/98,5.56
04/03/98,5.47
04/06/98,5.51
04/07/98,5.53
04/08/98,5.58
04/09/98,5.59
04/10/98,.
04/13/98,5.66
04/14/98,5.63
04/15/98,5.6
04/16/98,5.59
04/17/98,5.59
04/20/98,5.65
04/21/98,5.68
04/22/98,5.68
04/23/98,5.69
04/24/98,5.67
04/27/98,5.8
04/28/98,5.8
04/29/98,5.81
04/30/98,5.68
05/01/98,5.67
05/04/98,5.67
05/05/98,5.7
05/06/98,5.67
05/07/98,5.67
05/08/98,5.71
05/11/98,5.79
05/12/98,5.7
05/13/98,5.64
05/14/98,5.67
05/15/98,5.68
05/18/98,5.64
05/19/98,5.65
05/20/98,5.61
05/21/98,5.65
05/22/98,5.64
05/25/98,.
05/26/98,5.59
05/27/98,5.56
05/28/98,5.58
05/29/98,5.56
06/01/98,5.53
06/02/98,5.56
06/03/98,5.57
06/04/98,5.59
06/05/98,5.58
06/08/98,5.58
06/09/98,5.59
06/10/98,5.51
06/11/98,5.44
06/12/98,5.43
06/15/98,5.38
06/16/98,5.45
06/17/98,5.54
06/18/98,5.5
06/19/98,5.47
06/22/98,5.46
06/23/98,5.45
06/24/98,5.46
06/25/98,5.46
06/26/98,5.46
06/29/98,5.47
06/30/98,5.44
07/01/98,5.44
07/02/98,5.42
07/03/98,.
07/06/98,5.39
07/07/98,5.42
07/08/98,5.43
07/09/98,5.41
07/10/98,5.42
07/13/98,5.46
07/14/98,5.49
07/15/98,5.48
07/16/98,5.5
07/17/98,5.51
07/20/98,5.48
07/21/98,5.45
07/22/98,5.46
07/23/98,5.45
07/24/98,5.45
07/27/98,5.47
07/28/98,5.5
07/29/98,5.52
07/30/98,5.5
07/31/98,5.5
08/03/98,5.46
08/04/98,5.43
08/05/98,5.43
08/06/98,5.44
08/07/98,5.4
08/10/98,5.41
08/11/98,5.37
08/12/98,5.4
08/13/98,5.44
08/14/98,5.4
08/17/98,5.4
08/18/98,5.41
08/19/98,5.42
08/20/98,5.38
08/21/98,5.32
08/24/98,5.3
08/25/98,5.25
08/26/98,5.26
08/27/98,5.12
08/28/98,5.09
08/31/98,5.05
09/01/98,5.05
09/02/98,5.1
09/03/98,5.03
09/04/98,5.02
09/07/98,.
09/08/98,5.04
09/09/98,4.95
09/10/98,4.76
09/11/98,4.85
09/14/98,4.87
09/15/98,4.9
09/16/98,4.88
09/17/98,4.8
09/18/98,4.7
09/21/98,4.69
09/22/98,4.73
09/23/98,4.69
09/24/98,4.64
09/25/98,4.6
09/28/98,4.61
09/29/98,4.59
09/30/98,4.44
10/01/98,4.33
10/02/98,4.31
10/05/98,4.16
10/06/98,4.24
10/07/98,4.34
10/08/98,4.56
10/09/98,4.77
10/12/98,.
10/13/98,4.73
10/14/98,4.58
10/15/98,4.58
10/16/98,4.44
10/19/98,4.47
10/20/98,4.57
10/21/98,4.59
10/22/98,4.62
10/23/98,4.7
10/26/98,4.73
10/27/98,4.63
10/28/98,4.6
10/29/98,4.54
10/30/98,4.64
11/02/98,4.77
11/03/98,4.78
11/04/98,4.83
11/05/98,4.82
11/06/98,4.93
11/09/98,4.88
11/10/98,4.81
11/11/98,.
11/12/98,4.77
11/13/98,4.82
11/16/98,4.85
11/17/98,4.87
11/18/98,4.85
11/19/98,4.85
11/20/98,4.82
11/23/98,4.84
11/24/98,4.85
11/25/98,4.83
11/26/98,.
11/27/98,4.81
11/30/98,4.74
12/01/98,4.67
12/02/98,4.59
12/03/98,4.58
12/04/98,4.62
12/07/98,4.69
12/08/98,4.6
12/09/98,4.56
12/10/98,4.53
12/11/98,4.61
12/14/98,4.58
12/15/98,4.62
12/16/98,4.58
12/17/98,4.58
12/18/98,4.58
12/21/98,4.64
12/22/98,4.7
12/23/98,4.81
12/24/98,4.86
12/25/98,.
12/28/98,4.78
12/29/98,4.71
12/30/98,4.65
12/31/98,4.65
01/01/99,.
01/04/99,4.69
01/05/99,4.74
01/06/99,4.73
01/07/99,4.77
01/08/99,4.86
01/11/99,4.9
01/12/99,4.82
01/13/99,4.74
01/14/99,4.63
01/15/99,4.66
01/18/99,.
01/19/99,4.71
01/20/99,4.76
01/21/99,4.7
01/22/99,4.64
01/25/99,4.67
01/26/99,4.69
01/27/99,4.68
01/28/99,4.67
01/29/99,4.66
02/01/99,4.75
02/02/99,4.79
02/03/99,4.83
02/04/99,4.89
02/05/99,4.94
02/08/99,4.94
02/09/99,4.91
02/10/99,4.9
02/11/99,4.93
02/12/99,5.06
02/15/99,.
02/16/99,5.03
02/17/99,4.98
02/18/99,5.04
02/19/99,5.07
02/22/99,5.03
02/23/99,5.1
02/24/99,5.18
02/25/99,5.32
02/26/99,5.29
03/01/99,5.4
03/02/99,5.35
03/03/99,5.39
03/04/99,5.41
03/05/99,5.34
03/08/99,5.29
03/09/99,5.18
03/10/99,5.2
03/11/99,5.21
03/12/99,5.16
03/15/99,5.15
03/16/99,5.11
03/17/99,5.14
03/18/99,5.11
03/19/99,5.17
03/22/99,5.21
03/23/99,5.2
03/24/99,5.17
03/25/99,5.21
03/26/99,5.21
03/29/99,5.28
03/30/99,5.21
03/31/99,5.25
04/01/99,5.27
04/02/99,5.2
04/05/99,5.2
04/06/99,5.13
04/07/99,5.14
04/08/99,5.03
04/09/99,5.05
04/12/99,5.06
04/13/99,5.12
04/14/99,5.13
04/15/99,5.18
04/16/99,5.23
04/19/99,5.18
04/20/99,5.16
04/21/99,5.17
04/22/99,5.25
04/23/99,5.26
04/26/99,5.23
04/27/99,5.22
04/28/99,5.27
04/29/99,5.22
04/30/99,5.36
05/03/99,5.38
05/04/99,5.42
05/05/99,5.4
05/06/99,5.52
05/07/99,5.54
05/10/99,5.54
05/11/99,5.59
05/12/99,5.51
05/13/99,5.41
05/14/99,5.62
05/17/99,5.66
05/18/99,5.68
05/19/99,5.6
05/20/99,5.6
05/21/99,5.52
05/24/99,5.5
05/25/99,5.49
05/26/99,5.55
05/27/99,5.62
05/28/99,5.64
05/31/99,.
06/01/99,5.78
06/02/99,5.8
06/03/99,5.8
06/04/99,5.82
06/07/99,5.81
06/08/99,5.83
06/09/99,5.87
06/10/99,5.92
06/11/99,6.02
06/14/99,5.98
06/15/99,5.98
06/16/99,5.94
06/17/99,5.79
06/18/99,5.84
06/21/99,5.9
06/22/99,5.94
06/23/99,6
06/24/99,6.05
06/25/99,6.02
06/28/99,5.96
06/29/99,5.93
06/30/99,5.81
07/01/99,5.85
07/02/99,5.82
07/05/99,.
07/06/99,5.88
07/07/99,5.92
07/08/99,5.85
07/09/99,5.84
07/12/99,5.74
07/13/99,5.71
07/14/99,5.74
07/15/99,5.72
07/16/99,5.68
07/19/99,5.66
07/20/99,5.65
07/21/99,5.66
07/22/99,5.78
07/23/99,5.84
07/26/99,5.86
07/27/99,5.82
07/28/99,5.81
07/29/99,5.88
07/30/99,5.92
08/02/99,5.92
08/03/99,5.95
08/04/99,5.96
08/05/99,5.88
08/06/99,6.02
08/09/99,6.13
08/10/99,6.16
08/11/99,6.05
08/12/99,6.08
08/13/99,5.98
08/16/99,5.98
08/17/99,5.89
08/18/99,5.88
08/19/99,5.9
08/20/99,5.88
08/23/99,5.89
08/24/99,5.85
08/25/99,5.73
08/26/99,5.75
08/27/99,5.85
08/30/99,5.95
08/31/99,5.98
09/01/99,5.99
09/02/99,6.03
09/03/99,5.89
09/06/99,.
09/07/99,5.95
09/08/99,5.93
09/09/99,5.97
09/10/99,5.89
09/13/99,5.92
09/14/99,5.96
09/15/99,5.94
09/16/99,5.9
09/17/99,5.87
09/20/99,5.91
09/21/99,5.94
09/22/99,5.92
09/23/99,5.87
09/24/99,5.75
09/27/99,5.83
09/28/99,5.89
09/29/99,5.97
09/30/99,5.9
10/01/99,6
10/04/99,5.95
10/05/99,6.02
10/06/99,6.04
10/07/99,6.05
10/08/99,6.04
10/11/99,.
10/12/99,6.07
10/13/99,6.12
10/14/99,6.17
10/15/99,6.09
10/18/99,6.12
10/19/99,6.18
10/20/99,6.19
10/21/99,6.2
10/22/99,6.21
10/25/99,6.22
10/26/99,6.24
10/27/99,6.19
10/28/99,6.12
10/29/99,6.02
11/01/99,6.06
11/02/99,6.04
11/03/99,6.01
11/04/99,5.95
11/05/99,5.92
11/08/99,5.95
11/09/99,5.97
11/10/99,6
11/11/99,.
11/12/99,5.93
11/15/99,5.94
11/16/99,5.97
11/17/99,6.04
11/18/99,6.06
11/19/99,6.07
11/22/99,6.09
11/23/99,6.08
11/24/99,6.09
11/25/99,.
11/26/99,6.12
11/29/99,6.21
11/30/99,6.18
12/01/99,6.21
12/02/99,6.24
12/03/99,6.17
12/06/99,6.16
12/07/99,6.11
12/08/99,6.15
12/09/99,6.14
12/10/99,6.08
12/13/99,6.11
12/14/99,6.22
12/15/99,6.25
12/16/99,6.31
12/17/99,6.3
12/20/99,6.36
12/21/99,6.38
12/22/99,6.39
12/23/99,6.41
12/24/99,.
12/27/99,6.4
12/28/99,6.43
12/29/99,6.4
12/30/99,6.39
12/31/99,6.45
01/03/00,6.58
01/04/00,6.49
01/05/00,6.62
01/06/00,6.57
01/07/00,6.52
01/10/00,6.57
01/11/00,6.67
01/12/00,6.72
01/13/00,6.63
01/14/00,6.69
01/17/00,.
01/18/00,6.75
01/19/00,6.73
01/20/00,6.79
01/21/00,6.79
01/24/00,6.69
01/25/00,6.7
01/26/00,6.69
01/27/00,6.68
01/28/00,6.66
01/31/00,6.68
02/01/00,6.62
02/02/00,6.6
02/03/00,6.49
02/04/00,6.53
02/07/00,6.64
02/08/00,6.59
02/09/00,6.56
02/10/00,6.67
02/11/00,6.63
02/14/00,6.56
02/15/00,6.56
02/16/00,6.56
02/17/00,6.58
02/18/00,6.49
02/21/00,.
02/22/00,6.36
02/23/00,6.44
02/24/00,6.36
02/25/00,6.36
02/28/00,6.37
02/29/00,6.42
03/01/00,6.39
03/02/00,6.4
03/03/00,6.39
03/06/00,6.42
03/07/00,6.39
03/08/00,6.38
03/09/00,6.35
03/10/00,6.39
03/13/00,6.36
03/14/00,6.31
03/15/00,6.29
03/16/00,6.26
03/17/00,6.2
03/20/00,6.18
03/21/00,6.13
03/22/00,6.13
03/23/00,6.08
03/24/00,6.2
03/27/00,6.21
03/28/00,6.17
03/29/00,6.18
03/30/00,6.06
03/31/00,6.03
04/03/00,6
04/04/00,5.9
04/05/00,5.9
04/06/00,5.93
04/07/00,5.86
04/10/00,5.8
04/11/00,5.89
04/12/00,5.97
04/13/00,5.94
04/14/00,5.85
04/17/00,6.01
04/18/00,6.05
04/19/00,5.99
04/20/00,5.99
04/21/00,.
04/24/00,6
04/25/00,6.14
04/26/00,6.14
04/27/00,6.23
04/28/00,6.23
05/01/00,6.29
05/02/00,6.32
05/03/00,6.4
05/04/00,6.46
05/05/00,6.51
05/08/00,6.57
05/09/00,6.53
05/10/00,6.47
05/11/00,6.43
05/12/00,6.51
05/15/00,6.47
05/16/00,6.43
05/17/00,6.48
05/18/00,6.56
05/19/00,6.51
05/22/00,6.44
05/23/00,6.45
05/24/00,6.47
05/25/00,6.39
05/26/00,6.33
05/29/00,.
05/30/00,6.38
05/31/00,6.29
06/01/00,6.2
06/02/00,6.15
06/05/00,6.12
06/06/00,6.14
06/07/00,6.13
06/08/00,6.13
06/09/00,6.13
06/12/00,6.09
06/13/00,6.11
06/14/00,6.06
06/15/00,6.05
06/16/00,5.99
06/19/00,6
06/20/00,6.03
06/21/00,6.11
06/22/00,6.12
06/23/00,6.19
06/26/00,6.11
06/27/00,6.1
06/28/00,6.11
06/29/00,6.04
06/30/00,6.03
07/03/00,6
07/04/00,.
07/05/00,5.99
07/06/00,6.05
07/07/00,6.01
07/10/00,6.04
07/11/00,6.06
07/12/00,6.09
07/13/00,6.01
07/14/00,6.1
07/17/00,6.17
07/18/00,6.16
07/19/00,6.16
07/20/00,6.01
07/21/00,6.01
07/24/00,6.04
07/25/00,6.04
07/26/00,6.04
07/27/00,6.02
07/28/00,6.04
07/31/00,6.04
08/01/00,6
08/02/00,5.98
08/03/00,5.95
08/04/00,5.91
08/07/00,5.97
08/08/00,5.93
08/09/00,5.81
08/10/00,5.76
08/11/00,5.79
08/14/00,5.78
08/15/00,5.81
08/16/00,5.83
08/17/00,5.81
08/18/00,5.78
08/21/00,5.79
08/22/00,5.78
08/23/00,5.73
08/24/00,5.73
08/25/00,5.73
08/28/00,5.78
08/29/00,5.81
08/30/00,5.81
08/31/00,5.73
09/01/00,5.68
09/04/00,.
09/05/00,5.69
09/06/00,5.72
09/07/00,5.76
09/08/00,5.73
09/11/00,5.77
09/12/00,5.78
09/13/00,5.74
09/14/00,5.79
09/15/00,5.84
09/18/00,5.88
09/19/00,5.86
09/20/00,5.91
09/21/00,5.88
09/22/00,5.85
09/25/00,5.84
09/26/00,5.81
09/27/00,5.83
09/28/00,5.82
09/29/00,5.8
10/02/00,5.83
10/03/00,5.87
10/04/00,5.9
10/05/00,5.87
10/06/00,5.82
10/09/00,.
10/10/00,5.8
10/11/00,5.77
10/12/00,5.73
10/13/00,5.73
10/16/00,5.74
10/17/00,5.68
10/18/00,5.66
10/19/00,5.66
10/20/00,5.64
10/23/00,5.59
10/24/00,5.63
10/25/00,5.67
10/26/00,5.69
10/27/00,5.72
10/30/00,5.74
10/31/00,5.77
11/01/00,5.74
11/02/00,5.74
11/03/00,5.83
11/06/00,5.87
11/07/00,5.87
11/08/00,5.87
11/09/00,5.82
11/10/00,5.82
11/13/00,5.77
11/14/00,5.76
11/15/00,5.72
11/16/00,5.68
11/17/00,5.71
11/20/00,5.68
11/21/00,5.67
11/22/00,5.62
11/23/00,.
11/24/00,5.63
11/27/00,5.64
11/28/00,5.59
11/29/00,5.55
11/30/00,5.48
12/01/00,5.52
12/04/00,5.53
12/05/00,5.43
12/06/00,5.32
12/07/00,5.32
12/08/00,5.35
12/11/00,5.37
12/12/00,5.36
12/13/00,5.29
12/14/00,5.23
12/15/00,5.2
12/18/00,5.17
12/19/00,5.19
12/20/00,5.08
12/21/00,5.03
12/22/00,5.02
12/25/00,.
12/26/00,5.04
12/27/00,5.11
12/28/00,5.13
12/29/00,5.12
01/01/01,.
01/02/01,4.92
01/03/01,5.14
01/04/01,5.03
01/05/01,4.93
01/08/01,4.94
01/09/01,4.98
01/10/01,5.1
01/11/01,5.14
01/12/01,5.25
01/15/01,.
01/16/01,5.24
01/17/01,5.19
01/18/01,5.12
01/19/01,5.19
01/22/01,5.25
01/23/01,5.3
01/24/01,5.33
01/25/01,5.29
01/26/01,5.29
01/29/01,5.32
01/30/01,5.24
01/31/01,5.19
02/01/01,5.1
02/02/01,5.17
02/05/01,5.18
02/06/01,5.22
02/07/01,5.1
02/08/01,5.1
02/09/01,5.03
02/12/01,5.05
02/13/01,5.07
02/14/01,5.13
02/15/01,5.19
02/16/01,5.11
02/19/01,.
02/20/01,5.11
02/21/01,5.14
02/22/01,5.15
02/23/01,5.1
02/26/01,5.05
02/27/01,4.96
02/28/01,4.92
03/01/01,4.87
03/02/01,4.95
03/05/01,4.98
03/06/01,4.99
03/07/01,4.92
03/08/01,4.89
03/09/01,4.95
03/12/01,4.92
03/13/01,4.95
03/14/01,4.84
03/15/01,4.81
03/16/01,4.78
03/19/01,4.82
03/20/01,4.78
03/21/01,4.77
03/22/01,4.73
03/23/01,4.8
03/26/01,4.85
03/27/01,5
03/28/01,4.97
03/29/01,4.98
03/30/01,4.93
04/02/01,4.98
04/03/01,4.94
04/04/01,4.94
04/05/01,4.98
04/06/01,4.89
04/09/01,4.93
04/10/01,5.09
04/11/01,5.12
04/12/01,5.17
04/13/01,.
04/16/01,5.28
04/17/01,5.21
04/18/01,5.14
04/19/01,5.27
04/20/01,5.29
04/23/01,5.2
04/24/01,5.22
04/25/01,5.28
04/26/01,5.2
04/27/01,5.34
04/30/01,5.35
05/01/01,5.3
05/02/01,5.31
05/03/01,5.22
05/04/01,5.21
05/07/01,5.21
05/08/01,5.24
05/09/01,5.2
05/10/01,5.31
05/11/01,5.51
05/14/01,5.46
05/15/01,5.5
05/16/01,5.48
05/17/01,5.46
05/18/01,5.41
05/21/01,5.41
05/22/01,5.42
05/23/01,5.41
05/24/01,5.52
05/25/01,5.52
05/28/01,.
05/29/01,5.54
05/30/01,5.54
05/31/01,5.43
06/01/01,5.39
06/04/01,5.35
06/05/01,5.29
06/06/01,5.27
06/07/01,5.33
06/08/01,5.38
06/11/01,5.32
06/12/01,5.27
06/13/01,5.28
06/14/01,5.26
06/15/01,5.27
06/18/01,5.27
06/19/01,5.26
06/20/01,5.24
06/21/01,5.22
06/22/01,5.14
06/25/01,5.16
06/26/01,5.24
06/27/01,5.26
06/28/01,5.35
06/29/01,5.42
07/02/01,5.37
07/03/01,5.41
07/04/01,.
07/05/01,5.44
07/06/01,5.41
07/09/01,5.37
07/10/01,5.32
07/11/01,5.31
07/12/01,5.27
07/13/01,5.27
07/16/01,5.21
07/17/01,5.22
07/18/01,5.12
07/19/01,5.13
07/20/01,5.15
07/23/01,5.13
07/24/01,5.13
07/25/01,5.2
07/26/01,5.19
07/27/01,5.13
07/30/01,5.11
07/31/01,5.07
08/01/01,5.11
08/02/01,5.17
08/03/01,5.2
08/06/01,5.19
08/07/01,5.2
08/08/01,4.99
08/09/01,5.04
08/10/01,4.99
08/13/01,4.97
08/14/01,4.97
08/15/01,5
08/16/01,4.95
08/17/01,4.84
08/20/01,4.91
08/21/01,4.87
08/22/01,4.91
08/23/01,4.89
08/24/01,4.93
08/27/01,4.94
08/28/01,4.85
08/29/01,4.78
08/30/01,4.79
08/31/01,4.85
09/03/01,.
09/04/01,4.99
09/05/01,4.97
09/06/01,4.86
09/07/01,4.8
09/10/01,4.84
09/11/01,.
09/12/01,.
09/13/01,4.64
09/14/01,4.57
09/17/01,4.63
09/18/01,4.72
09/19/01,4.69
09/20/01,4.75
09/21/01,4.7
09/24/01,4.73
09/25/01,4.72
09/26/01,4.65
09/27/01,4.58
09/28/01,4.6
10/01/01,4.55
10/02/01,4.53
10/03/01,4.5
10/04/01,4.53
10/05/01,4.52
10/08/01,.
10/09/01,4.62
10/10/01,4.61
10/11/01,4.69
10/12/01,4.68
10/15/01,4.62
10/16/01,4.59
10/17/01,4.59
10/18/01,4.58
10/19/01,4.63
10/22/01,4.63
10/23/01,4.66
10/24/01,4.61
10/25/01,4.56
10/26/01,4.53
10/29/01,4.5
10/30/01,4.44
10/31/01,4.3
11/01/01,4.24
11/02/01,4.37
11/05/01,4.31
11/06/01,4.3
11/07/01,4.22
11/08/01,4.32
11/09/01,4.34
11/12/01,.
11/13/01,4.41
11/14/01,4.54
11/15/01,4.79
11/16/01,4.91
11/19/01,4.8
11/20/01,4.88
11/21/01,4.98
11/22/01,.
11/23/01,5.04
11/26/01,5.05
11/27/01,4.98
11/28/01,4.98
11/29/01,4.79
11/30/01,4.78
12/03/01,4.75
12/04/01,4.7
12/05/01,4.92
12/06/01,5.04
12/07/01,5.2
12/10/01,5.17
12/11/01,5.13
12/12/01,5.02
12/13/01,5.13
12/14/01,5.24
12/17/01,5.26
12/18/01,5.16
12/19/01,5.08
12/20/01,5.08
12/21/01,5.12
12/24/01,5.18
12/25/01,.
12/26/01,5.22
12/27/01,5.13
12/28/01,5.15
12/31/01,5.07
01/01/02,.
01/02/02,5.2
01/03/02,5.16
01/04/02,5.18
01/07/02,5.09
01/08/02,5.1
01/09/02,5.1
01/10/02,5
01/11/02,4.92
01/14/02,4.91
01/15/02,4.88
01/16/02,4.88
01/17/02,4.98
01/18/02,4.94
01/21/02,.
01/22/02,4.96
01/23/02,5.05
01/24/02,5.07
01/25/02,5.1
01/28/02,5.12
01/29/02,5.02
01/30/02,5.02
01/31/02,5.07
02/01/02,5.02
02/04/02,4.94
02/05/02,4.92
02/06/02,4.92
02/07/02,4.93
02/08/02,4.9
02/11/02,4.91
02/12/02,4.97
02/13/02,5.01
02/14/02,4.95
02/15/02,4.86
02/18/02,.
02/19/02,4.88
02/20/02,4.88
02/21/02,4.88
02/22/02,4.84
02/25/02,4.86
02/26/02,4.93
02/27/02,4.84
02/28/02,4.88
03/01/02,4.98
03/04/02,5.02
03/05/02,5.02
03/06/02,5.06
03/07/02,5.22
03/08/02,5.33
03/11/02,5.33
03/12/02,5.32
03/13/02,5.28
03/14/02,5.4
03/15/02,5.35
03/18/02,5.32
03/19/02,5.33
03/20/02,5.4
03/21/02,5.39
03/22/02,5.4
03/25/02,5.41
03/26/02,5.35
03/27/02,5.35
03/28/02,5.42
03/29/02,.
04/01/02,5.44
04/02/02,5.36
04/03/02,5.3
04/04/02,5.28
04/05/02,5.22
04/08/02,5.25
04/09/02,5.22
04/10/02,5.24
04/11/02,5.22
04/12/02,5.18
04/15/02,5.15
04/16/02,5.2
04/17/02,5.24
04/18/02,5.23
04/19/02,5.21
04/22/02,5.19
04/23/02,5.18
04/24/02,5.11
04/25/02,5.1
04/26/02,5.08
04/29/02,5.13
04/30/02,5.11
05/01/02,5.08
05/02/02,5.13
05/03/02,5.08
05/06/02,5.1
05/07/02,5.09
05/08/02,5.24
05/09/02,5.2
05/10/02,5.15
05/13/02,5.23
05/14/02,5.32
05/15/02,5.28
05/16/02,5.2
05/17/02,5.27
05/20/02,5.21
05/21/02,5.18
05/22/02,5.13
05/23/02,5.16
05/24/02,5.16
05/27/02,.
05/28/02,5.16
05/29/02,5.11
05/30/02,5.06
05/31/02,5.08
06/03/02,5.06
06/04/02,5.04
06/05/02,5.08
06/06/02,5.04
06/07/02,5.1
06/10/02,5.07
06/11/02,5.02
06/12/02,4.98
06/13/02,4.94
06/14/02,4.83
06/17/02,4.89
06/18/02,4.88
06/19/02,4.76
06/20/02,4.85
06/21/02,4.79
06/24/02,4.87
06/25/02,4.88
06/26/02,4.75
06/27/02,4.84
06/28/02,4.86
07/01/02,4.85
07/02/02,4.77
07/03/02,4.78
07/04/02,.
07/05/02,4.9
07/08/02,4.84
07/09/02,4.78
07/10/02,4.66
07/11/02,4.66
07/12/02,4.63
07/15/02,4.66
07/16/02,4.75
07/17/02,4.71
07/18/02,4.66
07/19/02,4.61
07/22/02,4.51
07/23/02,4.47
07/24/02,4.49
07/25/02,4.43
07/26/02,4.43
07/29/02,4.62
07/30/02,4.65
07/31/02,4.51
08/01/02,4.47
08/02/02,4.33
08/05/02,4.29
08/06/02,4.42
08/07/02,4.35
08/08/02,4.4
08/09/02,4.27
08/12/02,4.22
08/13/02,4.12
08/14/02,4.06
08/15/02,4.17
08/16/02,4.32
08/19/02,4.29
08/20/02,4.17
08/21/02,4.2
08/22/02,4.3
08/23/02,4.25
08/26/02,4.22
08/27/02,4.29
08/28/02,4.22
08/29/02,4.16
08/30/02,4.14
09/02/02,.
09/03/02,3.98
09/04/02,3.96
09/05/02,3.91
09/06/02,4.05
09/09/02,4.05
09/10/02,4
09/11/02,4.07
09/12/02,3.98
09/13/02,3.92
09/16/02,3.9
09/17/02,3.87
09/18/02,3.86
09/19/02,3.79
09/20/02,3.79
09/23/02,3.7
09/24/02,3.69
09/25/02,3.77
09/26/02,3.79
09/27/02,3.69
09/30/02,3.63
10/01/02,3.72
10/02/02,3.71
10/03/02,3.7
10/04/02,3.69
10/07/02,3.64
10/08/02,3.65
10/09/02,3.61
10/10/02,3.68
10/11/02,3.83
10/14/02,.
10/15/02,4.07
10/16/02,4.06
10/17/02,4.16
10/18/02,4.14
10/21/02,4.24
10/22/02,4.27
10/23/02,4.26
10/24/02,4.16
10/25/02,4.12
10/28/02,4.1
10/29/02,3.97
10/30/02,3.99
10/31/02,3.93
11/01/02,4.01
11/04/02,4.07
11/05/02,4.1
11/06/02,4.09
11/07/02,3.88
11/08/02,3.85
11/11/02,.
11/12/02,3.84
11/13/02,3.84
11/14/02,4.03
11/15/02,4.05
11/18/02,4.02
11/19/02,3.99
11/20/02,4.08
11/21/02,4.14
11/22/02,4.18
11/25/02,4.19
11/26/02,4.08
11/27/02,4.26
11/28/02,.
11/29/02,4.22
12/02/02,4.22
12/03/02,4.24
12/04/02,4.18
12/05/02,4.13
12/06/02,4.09
12/09/02,4.06
12/10/02,4.06
12/11/02,4.01
12/12/02,4.01
12/13/02,4.07
12/16/02,4.15
12/17/02,4.13
12/18/02,4.06
12/19/02,3.96
12/20/02,3.97
12/23/02,3.98
12/24/02,3.95
12/25/02,.
12/26/02,3.93
12/27/02,3.83
12/30/02,3.82
12/31/02,3.83
01/01/03,.
01/02/03,4.07
01/03/03,4.05
01/06/03,4.09
01/07/03,4.04
01/08/03,4
01/09/03,4.19
01/10/03,4.16
01/13/03,4.15
01/14/03,4.1
01/15/03,4.1
01/16/03,4.1
01/17/03,4.05
01/20/03,.
01/21/03,4.01
01/22/03,3.95
01/23/03,3.98
01/24/03,3.94
01/27/03,3.98
01/28/03,4
01/29/03,4.06
01/30/03,4
01/31/03,4
02/03/03,4.01
02/04/03,3.96
02/05/03,4.02
02/06/03,3.97
02/07/03,3.96
02/10/03,3.99
02/11/03,3.98
02/12/03,3.93
02/13/03,3.89
02/14/03,3.95
02/17/03,.
02/18/03,3.94
02/19/03,3.88
02/20/03,3.85
02/21/03,3.9
02/24/03,3.86
02/25/03,3.81
02/26/03,3.78
02/27/03,3.76
02/28/03,3.71
03/03/03,3.68
03/04/03,3.65
03/05/03,3.63
03/06/03,3.67
03/07/03,3.63
03/10/03,3.59
03/11/03,3.6
03/12/03,3.6
03/13/03,3.74
03/14/03,3.72
03/17/03,3.82
03/18/03,3.91
03/19/03,3.98
03/20/03,4.01
03/21/03,4.11
03/24/03,3.98
03/25/03,3.97
03/26/03,3.96
03/27/03,3.95
03/28/03,3.92
03/31/03,3.83
04/01/03,3.84
04/02/03,3.94
04/03/03,3.93
04/04/03,3.96
04/07/03,4.03
04/08/03,3.95
04/09/03,3.93
04/10/03,3.95
04/11/03,4
04/14/03,4.04
04/15/03,3.98
04/16/03,3.96
04/17/03,3.98
04/18/03,.
04/21/03,4
04/22/03,4.01
04/23/03,4.02
04/24/03,3.93
04/25/03,3.91
04/28/03,3.92
04/29/03,3.96
04/30/03,3.89
05/01/03,3.88
05/02/03,3.94
05/05/03,3.92
05/06/03,3.84
05/07/03,3.72
05/08/03,3.7
05/09/03,3.69
05/12/03,3.64
05/13/03,3.63
05/14/03,3.53
05/15/03,3.53
05/16/03,3.46
05/19/03,3.46
05/20/03,3.38
05/21/03,3.39
05/22/03,3.34
05/23/03,3.34
05/26/03,.
05/27/03,3.41
05/28/03,3.44
05/29/03,3.34
05/30/03,3.37
06/02/03,3.43
06/03/03,3.34
06/04/03,3.3
06/05/03,3.34
06/06/03,3.37
06/09/03,3.29
06/10/03,3.2
06/11/03,3.21
06/12/03,3.18
06/13/03,3.13
06/16/03,3.18
06/17/03,3.27
06/18/03,3.37
06/19/03,3.35
06/20/03,3.4
06/23/03,3.32
06/24/03,3.29
06/25/03,3.38
06/26/03,3.55
06/27/03,3.58
06/30/03,3.54
07/01/03,3.56
07/02/03,3.56
07/03/03,3.67
07/04/03,.
07/07/03,3.74
07/08/03,3.75
07/09/03,3.73
07/10/03,3.7
07/11/03,3.66
07/14/03,3.74
07/15/03,3.94
07/16/03,3.97
07/17/03,3.98
07/18/03,4
07/21/03,4.19
07/22/03,4.17
07/23/03,4.12
07/24/03,4.2
07/25/03,4.22
07/28/03,4.31
07/29/03,4.42
07/30/03,4.34
07/31/03,4.49
08/01/03,4.44
08/04/03,4.35
08/05/03,4.47
08/06/03,4.32
08/07/03,4.3
08/08/03,4.27
08/11/03,4.38
08/12/03,4.37
08/13/03,4.58
08/14/03,4.55
08/15/03,4.55
08/18/03,4.49
08/19/03,4.38
08/20/03,4.45
08/21/03,4.53
08/22/03,4.48
08/25/03,4.53
08/26/03,4.5
08/27/03,4.54
08/28/03,4.42
08/29/03,4.45
09/01/03,.
09/02/03,4.61
09/03/03,4.6
09/04/03,4.52
09/05/03,4.35
09/08/03,4.41
09/09/03,4.37
09/10/03,4.28
09/11/03,4.35
09/12/03,4.27
09/15/03,4.28
09/16/03,4.29
09/17/03,4.2
09/18/03,4.19
09/19/03,4.17
09/22/03,4.26
09/23/03,4.24
09/24/03,4.16
09/25/03,4.12
09/26/03,4.04
09/29/03,4.09
09/30/03,3.96
10/01/03,3.96
10/02/03,4.03
10/03/03,4.21
10/06/03,4.17
10/07/03,4.27
10/08/03,4.27
10/09/03,4.32
10/10/03,4.29
10/13/03,.
10/14/03,4.37
10/15/03,4.43
10/16/03,4.47
10/17/03,4.41
10/20/03,4.41
10/21/03,4.38
10/22/03,4.29
10/23/03,4.34
10/24/03,4.24
10/27/03,4.3
10/28/03,4.23
10/29/03,4.31
10/30/03,4.36
10/31/03,4.33
11/03/03,4.4
11/04/03,4.33
11/05/03,4.38
11/06/03,4.45
11/07/03,4.48
11/10/03,4.49
11/11/03,.
11/12/03,4.44
11/13/03,4.3
11/14/03,4.22
11/17/03,4.18
11/18/03,4.17
11/19/03,4.24
11/20/03,4.16
11/21/03,4.15
11/24/03,4.23
11/25/03,4.19
11/26/03,4.25
11/27/03,.
11/28/03,4.34
12/01/03,4.4
12/02/03,4.38
12/03/03,4.41
12/04/03,4.38
12/05/03,4.23
12/08/03,4.29
12/09/03,4.32
12/10/03,4.3
12/11/03,4.27
12/12/03,4.26
12/15/03,4.28
12/16/03,4.24
12/17/03,4.19
12/18/03,4.16
12/19/03,4.15
12/22/03,4.18
12/23/03,4.28
12/24/03,4.2
12/25/03,.
12/26/03,4.17
12/29/03,4.24
12/30/03,4.29
12/31/03,4.27
01/01/04,.
01/02/04,4.38
01/05/04,4.41
01/06/04,4.29
01/07/04,4.27
01/08/04,4.27
01/09/04,4.11
01/12/04,4.11
01/13/04,4.05
01/14/04,4.01
01/15/04,3.99
01/16/04,4.04
01/19/04,.
01/20/04,4.08
01/21/04,4.05
01/22/04,3.99
01/23/04,4.09
01/26/04,4.16
01/27/04,4.11
01/28/04,4.22
01/29/04,4.22
01/30/04,4.16
02/02/04,4.18
02/03/04,4.13
02/04/04,4.15
02/05/04,4.2
02/06/04,4.12
02/09/04,4.09
02/10/04,4.13
02/11/04,4.05
02/12/04,4.1
02/13/04,4.05
02/16/04,.
02/17/04,4.05
02/18/04,4.05
02/19/04,4.05
02/20/04,4.1
02/23/04,4.05
02/24/04,4.04
02/25/04,4.02
02/26/04,4.05
02/27/04,3.99
03/01/04,4
03/02/04,4.05
03/03/04,4.07
03/04/04,4.04
03/05/04,3.85
03/08/04,3.78
03/09/04,3.73
03/10/04,3.74
03/11/04,3.74
03/12/04,3.78
03/15/04,3.78
03/16/04,3.7
03/17/04,3.71
03/18/04,3.76
03/19/04,3.8
03/22/04,3.74
03/23/04,3.73
03/24/04,3.73
03/25/04,3.75
03/26/04,3.85
03/29/04,3.91
03/30/04,3.91
03/31/04,3.86
04/01/04,3.91
04/02/04,4.15
04/05/04,4.24
04/06/04,4.19
04/07/04,4.19
04/08/04,4.21
04/09/04,.
04/12/04,4.25
04/13/04,4.35
04/14/04,4.4
04/15/04,4.42
04/16/04,4.37
04/19/04,4.39
04/20/04,4.43
04/21/04,4.45
04/22/04,4.4
04/23/04,4.48
04/26/04,4.46
04/27/04,4.43
04/28/04,4.5
04/29/04,4.55
04/30/04,4.53
05/03/04,4.53
05/04/04,4.56
05/05/04,4.61
05/06/04,4.63
05/07/04,4.79
05/10/04,4.81
05/11/04,4.79
05/12/04,4.83
05/13/04,4.85
05/14/04,4.79
05/17/04,4.7
05/18/04,4.74
05/19/04,4.79
05/20/04,4.72
05/21/04,4.76
05/24/04,4.75
05/25/04,4.73
05/26/04,4.67
05/27/04,4.6
05/28/04,4.66
05/31/04,.
06/01/04,4.71
06/02/04,4.74
06/03/04,4.71
06/04/04,4.78
06/07/04,4.78
06/08/04,4.78
06/09/04,4.82
06/10/04,4.81
06/11/04,.
06/14/04,4.89
06/15/04,4.69
06/16/04,4.74
06/17/04,4.71
06/18/04,4.72
06/21/04,4.7
06/22/04,4.72
06/23/04,4.71
06/24/04,4.66
06/25/04,4.66
06/28/04,4.76
06/29/04,4.7
06/30/04,4.62
07/01/04,4.57
07/02/04,4.48
07/05/04,.
07/06/04,4.49
07/07/04,4.5
07/08/04,4.49
07/09/04,4.49
07/12/04,4.46
07/13/04,4.5
07/14/04,4.5
07/15/04,4.5
07/16/04,4.38
07/19/04,4.38
07/20/04,4.47
07/21/04,4.5
07/22/04,4.48
07/23/04,4.45
07/26/04,4.49
07/27/04,4.62
07/28/04,4.61
07/29/04,4.6
07/30/04,4.5
08/02/04,4.48
08/03/04,4.45
08/04/04,4.45
08/05/04,4.43
08/06/04,4.24
08/09/04,4.28
08/10/04,4.32
08/11/04,4.3
08/12/04,4.27
08/13/04,4.22
08/16/04,4.26
08/17/04,4.21
08/18/04,4.23
08/19/04,4.22
08/20/04,4.24
08/23/04,4.28
08/24/04,4.28
08/25/04,4.26
08/26/04,4.22
08/27/04,4.23
08/30/04,4.19
08/31/04,4.13
09/01/04,4.13
09/02/04,4.2
09/03/04,4.3
09/06/04,.
09/07/04,4.26
09/08/04,4.18
09/09/04,4.22
09/10/04,4.19
09/13/04,4.16
09/14/04,4.15
09/15/04,4.18
09/16/04,4.08
09/17/04,4.14
09/20/04,4.07
09/21/04,4.05
09/22/04,4
09/23/04,4.02
09/24/04,4.04
09/27/04,4.01
09/28/04,4.02
09/29/04,4.1
09/30/04,4.14
10/01/04,4.21
10/04/04,4.19
10/05/04,4.18
10/06/04,4.23
10/07/04,4.26
10/08/04,4.15
10/11/04,.
10/12/04,4.12
10/13/04,4.09
10/14/04,4.03
10/15/04,4.07
10/18/04,4.07
10/19/04,4.07
10/20/04,4.01
10/21/04,4.01
10/22/04,4
10/25/04,3.99
10/26/04,4.01
10/27/04,4.11
10/28/04,4.09
10/29/04,4.05
11/01/04,4.11
11/02/04,4.1
11/03/04,4.09
11/04/04,4.1
11/05/04,4.21
11/08/04,4.22
11/09/04,4.22
11/10/04,4.25
11/11/04,.
11/12/04,4.2
11/15/04,4.2
11/16/04,4.21
11/17/04,4.14
11/18/04,4.12
11/19/04,4.2
11/22/04,4.18
11/23/04,4.19
11/24/04,4.2
11/25/04,.
11/26/04,4.24
11/29/04,4.34
11/30/04,4.36
12/01/04,4.38
12/02/04,4.4
12/03/04,4.27
12/06/04,4.24
12/07/04,4.23
12/08/04,4.14
12/09/04,4.19
12/10/04,4.16
12/13/04,4.16
12/14/04,4.14
12/15/04,4.09
12/16/04,4.19
12/17/04,4.21
12/20/04,4.21
12/21/04,4.18
12/22/04,4.21
12/23/04,4.23
12/24/04,.
12/27/04,4.3
12/28/04,4.31
12/29/04,4.33
12/30/04,4.27
12/31/04,4.24
01/03/05,4.23
01/04/05,4.29
01/05/05,4.29
01/06/05,4.29
01/07/05,4.29
01/10/05,4.29
01/11/05,4.26
01/12/05,4.25
01/13/05,4.2
01/14/05,4.23
01/17/05,.
01/18/05,4.21
01/19/05,4.2
01/20/05,4.17
01/21/05,4.16
01/24/05,4.14
01/25/05,4.2
01/26/05,4.21
01/27/05,4.22
01/28/05,4.16
01/31/05,4.14
02/01/05,4.15
02/02/05,4.15
02/03/05,4.18
02/04/05,4.09
02/07/05,4.07
02/08/05,4.05
02/09/05,4
02/10/05,4.07
02/11/05,4.1
02/14/05,4.08
02/15/05,4.1
02/16/05,4.16
02/17/05,4.19
02/18/05,4.27
02/21/05,.
02/22/05,4.29
02/23/05,4.27
02/24/05,4.29
02/25/05,4.27
02/28/05,4.36
03/01/05,4.38
03/02/05,4.38
03/03/05,4.39
03/04/05,4.32
03/07/05,4.31
03/08/05,4.38
03/09/05,4.52
03/10/05,4.48
03/11/05,4.56
03/14/05,4.52
03/15/05,4.54
03/16/05,4.52
03/17/05,4.47
03/18/05,4.51
03/21/05,4.53
03/22/05,4.63
03/23/05,4.61
03/24/05,4.6
03/25/05,.
03/28/05,4.64
03/29/05,4.6
03/30/05,4.56
03/31/05,4.5
04/01/05,4.46
04/04/05,4.47
04/05/05,4.48
04/06/05,4.44
04/07/05,4.49
04/08/05,4.5
04/11/05,4.45
04/12/05,4.38
04/13/05,4.38
04/14/05,4.37
04/15/05,4.27
04/18/05,4.27
04/19/05,4.21
04/20/05,4.22
04/21/05,4.32
04/22/05,4.26
04/25/05,4.26
04/26/05,4.28
04/27/05,4.25
04/28/05,4.19
04/29/05,4.21
05/02/05,4.21
05/03/05,4.21
05/04/05,4.2
05/05/05,4.19
05/06/05,4.28
05/09/05,4.29
05/10/05,4.23
05/11/05,4.21
05/12/05,4.18
05/13/05,4.12
05/16/05,4.13
05/17/05,4.12
05/18/05,4.07
05/19/05,4.11
05/20/05,4.13
05/23/05,4.07
05/24/05,4.04
05/25/05,4.08
05/26/05,4.08
05/27/05,4.08
05/30/05,.
05/31/05,4
06/01/05,3.91
06/02/05,3.89
06/03/05,3.98
06/06/05,3.96
06/07/05,3.92
06/08/05,3.95
06/09/05,3.98
06/10/05,4.05
06/13/05,4.09
06/14/05,4.13
06/15/05,4.12
06/16/05,4.09
06/17/05,4.09
06/20/05,4.11
06/21/05,4.06
06/22/05,3.95
06/23/05,3.96
06/24/05,3.92
06/27/05,3.9
06/28/05,3.97
06/29/05,3.99
06/30/05,3.94
07/01/05,4.06
07/04/05,.
07/05/05,4.11
07/06/05,4.08
07/07/05,4.05
07/08/05,4.11
07/11/05,4.11
07/12/05,4.15
07/13/05,4.17
07/14/05,4.19
07/15/05,4.18
07/18/05,4.22
07/19/05,4.2
07/20/05,4.17
07/21/05,4.28
07/22/05,4.23
07/25/05,4.25
07/26/05,4.24
07/27/05,4.27
07/28/05,4.2
07/29/05,4.28
08/01/05,4.32
08/02/05,4.34
08/03/05,4.3
08/04/05,4.32
08/05/05,4.4
08/08/05,4.42
08/09/05,4.41
08/10/05,4.4
08/11/05,4.32
08/12/05,4.24
08/15/05,4.27
08/16/05,4.23
08/17/05,4.28
08/18/05,4.21
08/19/05,4.21
08/22/05,4.22
08/23/05,4.2
08/24/05,4.19
08/25/05,4.18
08/26/05,4.2
08/29/05,4.2
08/30/05,4.16
08/31/05,4.02
09/01/05,4.02
09/02/05,4.03
09/05/05,.
09/06/05,4.09
09/07/05,4.15
09/08/05,4.15
09/09/05,4.14
09/12/05,4.18
09/13/05,4.14
09/14/05,4.17
09/15/05,4.22
09/16/05,4.26
09/19/05,4.25
09/20/05,4.26
09/21/05,4.19
09/22/05,4.19
09/23/05,4.25
09/26/05,4.3
09/27/05,4.3
09/28/05,4.26
09/29/05,4.29
09/30/05,4.34
10/03/05,4.39
10/04/05,4.38
10/05/05,4.36
10/06/05,4.37
10/07/05,4.35
10/10/05,.
10/11/05,4.39
10/12/05,4.45
10/13/05,4.48
10/14/05,4.48
10/17/05,4.5
10/18/05,4.49
10/19/05,4.47
10/20/05,4.46
10/21/05,4.39
10/24/05,4.45
10/25/05,4.54
10/26/05,4.6
10/27/05,4.57
10/28/05,4.58
10/31/05,4.57
11/01/05,4.58
11/02/05,4.61
11/03/05,4.65
11/04/05,4.66
11/07/05,4.65
11/08/05,4.57
11/09/05,4.64
11/10/05,4.55
11/11/05,.
11/14/05,4.61
11/15/05,4.56
11/16/05,4.49
11/17/05,4.46
11/18/05,4.5
11/21/05,4.46
11/22/05,4.43
11/23/05,4.47
11/24/05,.
11/25/05,4.43
11/28/05,4.41
11/29/05,4.48
11/30/05,4.49
12/01/05,4.52
12/02/05,4.52
12/05/05,4.57
12/06/05,4.49
12/07/05,4.52
12/08/05,4.47
12/09/05,4.54
12/12/05,4.56
12/13/05,4.54
12/14/05,4.45
12/15/05,4.47
12/16/05,4.45
12/19/05,4.45
12/20/05,4.47
12/21/05,4.49
12/22/05,4.44
12/23/05,4.38
12/26/05,.
12/27/05,4.34
12/28/05,4.38
12/29/05,4.37
12/30/05,4.39
01/02/06,.
01/03/06,4.37
01/04/06,4.36
01/05/06,4.36
01/06/06,4.38
01/09/06,4.38
01/10/06,4.43
01/11/06,4.46
01/12/06,4.42
01/13/06,4.36
01/16/06,.
01/17/06,4.34
01/18/06,4.34
01/19/06,4.38
01/20/06,4.37
01/23/06,4.36
01/24/06,4.4
01/25/06,4.49
01/26/06,4.53
01/27/06,4.52
01/30/06,4.54
01/31/06,4.53
02/01/06,4.57
02/02/06,4.57
02/03/06,4.54
02/06/06,4.55
02/07/06,4.57
02/08/06,4.56
02/09/06,4.54
02/10/06,4.59
02/13/06,4.58
02/14/06,4.62
02/15/06,4.61
02/16/06,4.59
02/17/06,4.54
02/20/06,.
02/21/06,4.57
02/22/06,4.53
02/23/06,4.56
02/24/06,4.58
02/27/06,4.59
02/28/06,4.55
03/01/06,4.59
03/02/06,4.64
03/03/06,4.68
03/06/06,4.74
03/07/06,4.74
03/08/06,4.73
03/09/06,4.74
03/10/06,4.76
03/13/06,4.77
03/14/06,4.71
03/15/06,4.73
03/16/06,4.65
03/17/06,4.68
03/20/06,4.66
03/21/06,4.71
03/22/06,4.7
03/23/06,4.73
03/24/06,4.67
03/27/06,4.7
03/28/06,4.79
03/29/06,4.81
03/30/06,4.86
03/31/06,4.86
04/03/06,4.88
04/04/06,4.87
04/05/06,4.84
04/06/06,4.9
04/07/06,4.97
04/10/06,4.97
04/11/06,4.93
04/12/06,4.98
04/13/06,5.05
04/14/06,.
04/17/06,5.01
04/18/06,4.99
04/19/06,5.04
04/20/06,5.04
04/21/06,5.01
04/24/06,4.99
04/25/06,5.07
04/26/06,5.12
04/27/06,5.09
04/28/06,5.07
05/01/06,5.14
05/02/06,5.12
05/03/06,5.15
05/04/06,5.16
05/05/06,5.12
05/08/06,5.12
05/09/06,5.13
05/10/06,5.13
05/11/06,5.14
05/12/06,5.19
05/15/06,5.15
05/16/06,5.1
05/17/06,5.16
05/18/06,5.08
05/19/06,5.05
05/22/06,5.04
05/23/06,5.07
05/24/06,5.03
05/25/06,5.07
05/26/06,5.06
05/29/06,.
05/30/06,5.09
05/31/06,5.12
06/01/06,5.11
06/02/06,5
06/05/06,5.02
06/06/06,5.01
06/07/06,5.02
06/08/06,5
06/09/06,4.98
06/12/06,4.99
06/13/06,4.97
06/14/06,5.05
06/15/06,5.1
06/16/06,5.13
06/19/06,5.14
06/20/06,5.15
06/21/06,5.16
06/22/06,5.2
06/23/06,5.23
06/26/06,5.25
06/27/06,5.21
06/28/06,5.25
06/29/06,5.22
06/30/06,5.15
07/03/06,5.15
07/04/06,.
07/05/06,5.23
07/06/06,5.19
07/07/06,5.14
07/10/06,5.13
07/11/06,5.1
07/12/06,5.1
07/13/06,5.08
07/14/06,5.07
07/17/06,5.07
07/18/06,5.13
07/19/06,5.06
07/20/06,5.03
07/21/06,5.05
07/24/06,5.05
07/25/06,5.07
07/26/06,5.04
07/27/06,5.07
07/28/06,5
07/31/06,4.99
08/01/06,4.99
08/02/06,4.96
08/03/06,4.96
08/04/06,4.91
08/07/06,4.93
08/08/06,4.93
08/09/06,4.92
08/10/06,4.93
08/11/06,4.97
08/14/06,5
08/15/06,4.93
08/16/06,4.87
08/17/06,4.87
08/18/06,4.84
08/21/06,4.82
08/22/06,4.82
08/23/06,4.82
08/24/06,4.81
08/25/06,4.79
08/28/06,4.8
08/29/06,4.79
08/30/06,4.76
08/31/06,4.74
09/01/06,4.73
09/04/06,.
09/05/06,4.78
09/06/06,4.8
09/07/06,4.8
09/08/06,4.78
09/11/06,4.8
09/12/06,4.78
09/13/06,4.77
09/14/06,4.79
09/15/06,4.8
09/18/06,4.81
09/19/06,4.74
09/20/06,4.73
09/21/06,4.65
09/22/06,4.6
09/25/06,4.56
09/26/06,4.59
09/27/06,4.6
09/28/06,4.63
09/29/06,4.64
10/02/06,4.62
10/03/06,4.62
10/04/06,4.57
10/05/06,4.61
10/06/06,4.7
10/09/06,.
10/10/06,4.75
10/11/06,4.78
10/12/06,4.79
10/13/06,4.81
10/16/06,4.79
10/17/06,4.78
10/18/06,4.77
10/19/06,4.79
10/20/06,4.79
10/23/06,4.83
10/24/06,4.83
10/25/06,4.78
10/26/06,4.73
10/27/06,4.68
10/30/06,4.68
10/31/06,4.61
11/01/06,4.57
11/02/06,4.6
11/03/06,4.72
11/06/06,4.71
11/07/06,4.66
11/08/06,4.64
11/09/06,4.62
11/10/06,4.59
11/13/06,4.61
11/14/06,4.57
11/15/06,4.61
11/16/06,4.66
11/17/06,4.61
11/20/06,4.6
11/21/06,4.58
11/22/06,4.57
11/23/06,.
11/24/06,4.55
11/27/06,4.54
11/28/06,4.51
11/29/06,4.52
11/30/06,4.46
12/01/06,4.43
12/04/06,4.43
12/05/06,4.45
12/06/06,4.48
12/07/06,4.49
12/08/06,4.56
12/11/06,4.52
12/12/06,4.49
12/13/06,4.58
12/14/06,4.6
12/15/06,4.6
12/18/06,4.6
12/19/06,4.6
12/20/06,4.6
12/21/06,4.55
12/22/06,4.63
12/25/06,.
12/26/06,4.61
12/27/06,4.66
12/28/06,4.7
12/29/06,4.71
01/01/07,.
01/02/07,4.68
01/03/07,4.67
01/04/07,4.62
01/05/07,4.65
01/08/07,4.66
01/09/07,4.66
01/10/07,4.69
01/11/07,4.74
01/12/07,4.77
01/15/07,.
01/16/07,4.75
01/17/07,4.79
01/18/07,4.75
01/19/07,4.78
01/22/07,4.76
01/23/07,4.81
01/24/07,4.81
01/25/07,4.87
01/26/07,4.88
01/29/07,4.9
01/30/07,4.88
01/31/07,4.83
02/01/07,4.84
02/02/07,4.83
02/05/07,4.81
02/06/07,4.77
02/07/07,4.74
02/08/07,4.73
02/09/07,4.79
02/12/07,4.8
02/13/07,4.82
02/14/07,4.74
02/15/07,4.7
02/16/07,4.69
02/19/07,.
02/20/07,4.68
02/21/07,4.69
02/22/07,4.73
02/23/07,4.68
02/26/07,4.63
02/27/07,4.5
02/28/07,4.56
03/01/07,4.56
03/02/07,4.52
03/05/07,4.51
03/06/07,4.53
03/07/07,4.5
03/08/07,4.51
03/09/07,4.59
03/12/07,4.56
03/13/07,4.5
03/14/07,4.53
03/15/07,4.54
03/16/07,4.55
03/19/07,4.58
03/20/07,4.56
03/21/07,4.53
03/22/07,4.6
03/23/07,4.62
03/26/07,4.6
03/27/07,4.62
03/28/07,4.62
03/29/07,4.64
03/30/07,4.65
04/02/07,4.65
04/03/07,4.67
04/04/07,4.66
04/05/07,4.68
04/06/07,4.76
04/09/07,4.75
04/10/07,4.73
04/11/07,4.74
04/12/07,4.74
04/13/07,4.76
04/16/07,4.74
04/17/07,4.69
04/18/07,4.66
04/19/07,4.68
04/20/07,4.68
04/23/07,4.66
04/24/07,4.63
04/25/07,4.66
04/26/07,4.69
04/27/07,4.71
04/30/07,4.63
05/01/07,4.64
05/02/07,4.65
05/03/07,4.68
05/04/07,4.65
05/07/07,4.64
05/08/07,4.63
05/09/07,4.67
05/10/07,4.65
05/11/07,4.67
05/14/07,4.69
05/15/07,4.71
05/16/07,4.71
05/17/07,4.76
05/18/07,4.81
05/21/07,4.79
05/22/07,4.83
05/23/07,4.86
05/24/07,4.86
05/25/07,4.86
05/28/07,.
05/29/07,4.88
05/30/07,4.88
05/31/07,4.9
06/01/07,4.95
06/04/07,4.93
06/05/07,4.98
06/06/07,4.97
06/07/07,5.11
06/08/07,5.12
06/11/07,5.14
06/12/07,5.26
06/13/07,5.2
06/14/07,5.23
06/15/07,5.16
06/18/07,5.15
06/19/07,5.09
06/20/07,5.14
06/21/07,5.16
06/22/07,5.14
06/25/07,5.09
06/26/07,5.1
06/27/07,5.09
06/28/07,5.12
06/29/07,5.03
07/02/07,5
07/03/07,5.05
07/04/07,.
07/05/07,5.16
07/06/07,5.19
07/09/07,5.16
07/10/07,5.03
07/11/07,5.09
07/12/07,5.13
07/13/07,5.11
07/16/07,5.05
07/17/07,5.08
07/18/07,5.02
07/19/07,5.04
07/20/07,4.96
07/23/07,4.97
07/24/07,4.94
07/25/07,4.92
07/26/07,4.79
07/27/07,4.8
07/30/07,4.82
07/31/07,4.78
08/01/07,4.76
08/02/07,4.77
08/03/07,4.71
08/06/07,4.72
08/07/07,4.77
08/08/07,4.84
08/09/07,4.79
08/10/07,4.81
08/13/07,4.78
08/14/07,4.73
08/15/07,4.69
08/16/07,4.6
08/17/07,4.68
08/20/07,4.64
08/21/07,4.6
08/22/07,4.63
08/23/07,4.62
08/24/07,4.63
08/27/07,4.6
08/28/07,4.53
08/29/07,4.57
08/30/07,4.51
08/31/07,4.54
09/03/07,.
09/04/07,4.56
09/05/07,4.48
09/06/07,4.51
09/07/07,4.38
09/10/07,4.34
09/11/07,4.37
09/12/07,4.41
09/13/07,4.49
09/14/07,4.47
09/17/07,4.48
09/18/07,4.5
09/19/07,4.53
09/20/07,4.69
09/21/07,4.64
09/24/07,4.63
09/25/07,4.63
09/26/07,4.63
09/27/07,4.58
09/28/07,4.59
10/01/07,4.56
10/02/07,4.54
10/03/07,4.55
10/04/07,4.54
10/05/07,4.65
10/08/07,.
10/09/07,4.67
10/10/07,4.65
10/11/07,4.66
10/12/07,4.7
10/15/07,4.69
10/16/07,4.66
10/17/07,4.57
10/18/07,4.52
10/19/07,4.41
10/22/07,4.42
10/23/07,4.41
10/24/07,4.36
10/25/07,4.37
10/26/07,4.41
10/29/07,4.39
10/30/07,4.4
10/31/07,4.48
11/01/07,4.36
11/02/07,4.31
11/05/07,4.35
11/06/07,4.38
11/07/07,4.34
11/08/07,4.28
11/09/07,4.23
11/12/07,.
11/13/07,4.26
11/14/07,4.28
11/15/07,4.17
11/16/07,4.15
11/19/07,4.07
11/20/07,4.06
11/21/07,4
11/22/07,.
11/23/07,4.01
11/26/07,3.83
11/27/07,3.95
11/28/07,4.03
11/29/07,3.94
11/30/07,3.97
12/03/07,3.89
12/04/07,3.89
12/05/07,3.92
12/06/07,4.02
12/07/07,4.12
12/10/07,4.15
12/11/07,3.98
12/12/07,4.05
12/13/07,4.18
12/14/07,4.24
12/17/07,4.2
12/18/07,4.14
12/19/07,4.06
12/20/07,4.04
12/21/07,4.18
12/24/07,4.23
12/25/07,.
12/26/07,4.3
12/27/07,4.21
12/28/07,4.11
12/31/07,4.04
01/01/08,.
01/02/08,3.91
01/03/08,3.91
01/04/08,3.88
01/07/08,3.86
01/08/08,3.86
01/09/08,3.82
01/10/08,3.91
01/11/08,3.82
01/14/08,3.81
01/15/08,3.72
01/16/08,3.74
01/17/08,3.66
01/18/08,3.66
01/21/08,.
01/22/08,3.52
01/23/08,3.51
01/24/08,3.68
01/25/08,3.61
01/28/08,3.61
01/29/08,3.69
01/30/08,3.78
01/31/08,3.67
02/01/08,3.62
02/04/08,3.68
02/05/08,3.61
02/06/08,3.61
02/07/08,3.74
02/08/08,3.64
02/11/08,3.62
02/12/08,3.66
02/13/08,3.7
02/14/08,3.85
02/15/08,3.76
02/18/08,.
02/19/08,3.89
02/20/08,3.93
02/21/08,3.77
02/22/08,3.79
02/25/08,3.91
02/26/08,3.88
02/27/08,3.85
02/28/08,3.71
02/29/08,3.53
03/03/08,3.54
03/04/08,3.63
03/05/08,3.7
03/06/08,3.62
03/07/08,3.56
03/10/08,3.46
03/11/08,3.6
03/12/08,3.49
03/13/08,3.56
03/14/08,3.44
03/17/08,3.34
03/18/08,3.48
03/19/08,3.38
03/20/08,3.34
03/21/08,.
03/24/08,3.56
03/25/08,3.51
03/26/08,3.51
03/27/08,3.56
03/28/08,3.47
03/31/08,3.45
04/01/08,3.57
04/02/08,3.6
04/03/08,3.61
04/04/08,3.5
04/07/08,3.57
04/08/08,3.58
04/09/08,3.49
04/10/08,3.55
04/11/08,3.49
04/14/08,3.53
04/15/08,3.6
04/16/08,3.72
04/17/08,3.75
04/18/08,3.77
04/21/08,3.75
04/22/08,3.74
04/23/08,3.77
04/24/08,3.87
04/25/08,3.91
04/28/08,3.86
04/29/08,3.85
04/30/08,3.77
05/01/08,3.78
05/02/08,3.89
05/05/08,3.88
05/06/08,3.93
05/07/08,3.87
05/08/08,3.79
05/09/08,3.77
05/12/08,3.78
05/13/08,3.9
05/14/08,3.92
05/15/08,3.83
05/16/08,3.85
05/19/08,3.83
05/20/08,3.78
05/21/08,3.81
05/22/08,3.92
05/23/08,3.85
05/26/08,.
05/27/08,3.93
05/28/08,4.03
05/29/08,4.08
05/30/08,4.06
06/02/08,3.98
06/03/08,3.92
06/04/08,3.98
06/05/08,4.06
06/06/08,3.94
06/09/08,4.02
06/10/08,4.11
06/11/08,4.1
06/12/08,4.23
06/13/08,4.27
06/16/08,4.25
06/17/08,4.23
06/18/08,4.16
06/19/08,4.22
06/20/08,4.16
06/23/08,4.19
06/24/08,4.1
06/25/08,4.12
06/26/08,4.07
06/27/08,3.99
06/30/08,3.99
07/01/08,4.01
07/02/08,3.99
07/03/08,3.99
07/04/08,.
07/07/08,3.95
07/08/08,3.91
07/09/08,3.85
07/10/08,3.83
07/11/08,3.96
07/14/08,3.9
07/15/08,3.87
07/16/08,3.97
07/17/08,4.07
07/18/08,4.11
07/21/08,4.09
07/22/08,4.14
07/23/08,4.16
07/24/08,4.03
07/25/08,4.13
07/28/08,4.06
07/29/08,4.09
07/30/08,4.07
07/31/08,3.99
08/01/08,3.97
08/04/08,3.98
08/05/08,4.04
08/06/08,4.06
08/07/08,3.92
08/08/08,3.94
08/11/08,3.99
08/12/08,3.91
08/13/08,3.94
08/14/08,3.89
08/15/08,3.84
08/18/08,3.82
08/19/08,3.83
08/20/08,3.79
08/21/08,3.84
08/22/08,3.87
08/25/08,3.79
08/26/08,3.79
08/27/08,3.77
08/28/08,3.79
08/29/08,3.83
09/01/08,.
09/02/08,3.74
09/03/08,3.71
09/04/08,3.64
09/05/08,3.66
09/08/08,3.66
09/09/08,3.62
09/10/08,3.65
09/11/08,3.64
09/12/08,3.74
09/15/08,3.47
09/16/08,3.48
09/17/08,3.41
09/18/08,3.54
09/19/08,3.78
09/22/08,3.83
09/23/08,3.85
09/24/08,3.8
09/25/08,3.88
09/26/08,3.85
09/29/08,3.61
09/30/08,3.85
10/01/08,3.77
10/02/08,3.66
10/03/08,3.63
10/06/08,3.48
10/07/08,3.5
10/08/08,3.72
10/09/08,3.84
10/10/08,3.89
10/13/08,.
10/14/08,4.08
10/15/08,4.04
10/16/08,3.99
10/17/08,3.98
10/20/08,3.91
10/21/08,3.76
10/22/08,3.65
10/23/08,3.63
10/24/08,3.76
10/27/08,3.79
10/28/08,3.89
10/29/08,3.93
10/30/08,4
10/31/08,4.01
11/03/08,3.96
11/04/08,3.81
11/05/08,3.73
11/06/08,3.75
11/07/08,3.83
11/10/08,3.82
11/11/08,.
11/12/08,3.75
11/13/08,3.84
11/14/08,3.72
11/17/08,3.68
11/18/08,3.53
11/19/08,3.38
11/20/08,3.1
11/21/08,3.2
11/24/08,3.35
11/25/08,3.11
11/26/08,2.99
11/27/08,.
11/28/08,2.93
12/01/08,2.72
12/02/08,2.68
12/03/08,2.67
12/04/08,2.55
12/05/08,2.67
12/08/08,2.77
12/09/08,2.67
12/10/08,2.69
12/11/08,2.64
12/12/08,2.6
12/15/08,2.53
12/16/08,2.37
12/17/08,2.2
12/18/08,2.08
12/19/08,2.13
12/22/08,2.16
12/23/08,2.18
12/24/08,2.2
12/25/08,.
12/26/08,2.16
12/29/08,2.13
12/30/08,2.11
12/31/08,2.25
01/01/09,.
01/02/09,2.46
01/05/09,2.49
01/06/09,2.51
01/07/09,2.52
01/08/09,2.47
01/09/09,2.43
01/12/09,2.34
01/13/09,2.33
01/14/09,2.24
01/15/09,2.23
01/16/09,2.36
01/19/09,.
01/20/09,2.4
01/21/09,2.56
01/22/09,2.62
01/23/09,2.65
01/26/09,2.7
01/27/09,2.59
01/28/09,2.71
01/29/09,2.87
01/30/09,2.87
02/02/09,2.76
02/03/09,2.89
02/04/09,2.95
02/05/09,2.95
02/06/09,3.05
02/09/09,3.07
02/10/09,2.9
02/11/09,2.78
02/12/09,2.75
02/13/09,2.89
02/16/09,.
02/17/09,2.64
02/18/09,2.74
02/19/09,2.85
02/20/09,2.78
02/23/09,2.78
02/24/09,2.8
02/25/09,2.95
02/26/09,2.98
02/27/09,3.02
03/02/09,2.91
03/03/09,2.93
03/04/09,3.01
03/05/09,2.83
03/06/09,2.83
03/09/09,2.89
03/10/09,2.99
03/11/09,2.95
03/12/09,2.89
03/13/09,2.89
03/16/09,2.97
03/17/09,3.02
03/18/09,2.51
03/19/09,2.61
03/20/09,2.65
03/23/09,2.68
03/24/09,2.68
03/25/09,2.81
03/26/09,2.76
03/27/09,2.78
03/30/09,2.73
03/31/09,2.71
04/01/09,2.68
04/02/09,2.77
04/03/09,2.91
04/06/09,2.95
04/07/09,2.93
04/08/09,2.86
04/09/09,2.96
04/10/09,.
04/13/09,2.88
04/14/09,2.8
04/15/09,2.82
04/16/09,2.86
04/17/09,2.98
04/20/09,2.88
04/21/09,2.94
04/22/09,2.98
04/23/09,2.96
04/24/09,3.03
04/27/09,2.95
04/28/09,3.05
04/29/09,3.12
04/30/09,3.16
05/01/09,3.21
05/04/09,3.19
05/05/09,3.2
05/06/09,3.18
05/07/09,3.29
05/08/09,3.29
05/11/09,3.17
05/12/09,3.17
05/13/09,3.11
05/14/09,3.1
05/15/09,3.14
05/18/09,3.22
05/19/09,3.25
05/20/09,3.19
05/21/09,3.35
05/22/09,3.45
05/25/09,.
05/26/09,3.5
05/27/09,3.71
05/28/09,3.67
05/29/09,3.47
06/01/09,3.71
06/02/09,3.65
06/03/09,3.56
06/04/09,3.72
06/05/09,3.84
06/08/09,3.91
06/09/09,3.86
06/10/09,3.98
06/11/09,3.88
06/12/09,3.81
06/15/09,3.76
06/16/09,3.67
06/17/09,3.68
06/18/09,3.86
06/19/09,3.79
06/22/09,3.72
06/23/09,3.65
06/24/09,3.72
06/25/09,3.55
06/26/09,3.52
06/29/09,3.51
06/30/09,3.53
07/01/09,3.55
07/02/09,3.51
07/03/09,.
07/06/09,3.52
07/07/09,3.47
07/08/09,3.33
07/09/09,3.44
07/10/09,3.32
07/13/09,3.38
07/14/09,3.5
07/15/09,3.63
07/16/09,3.59
07/17/09,3.67
07/20/09,3.61
07/21/09,3.5
07/22/09,3.58
07/23/09,3.72
07/24/09,3.7
07/27/09,3.75
07/28/09,3.72
07/29/09,3.69
07/30/09,3.67
07/31/09,3.52
08/03/09,3.66
08/04/09,3.7
08/05/09,3.8
08/06/09,3.79
08/07/09,3.89
08/10/09,3.8
08/11/09,3.71
08/12/09,3.72
08/13/09,3.59
08/14/09,3.55
08/17/09,3.48
08/18/09,3.51
08/19/09,3.45
08/20/09,3.42
08/21/09,3.56
08/24/09,3.48
08/25/09,3.45
08/26/09,3.44
08/27/09,3.47
08/28/09,3.46
08/31/09,3.4
09/01/09,3.38
09/02/09,3.29
09/03/09,3.33
09/04/09,3.45
09/07/09,.
09/08/09,3.47
09/09/09,3.48
09/10/09,3.36
09/11/09,3.34
09/14/09,3.42
09/15/09,3.47
09/16/09,3.48
09/17/09,3.42
09/18/09,3.49
09/21/09,3.49
09/22/09,3.46
09/23/09,3.44
09/24/09,3.4
09/25/09,3.34
09/28/09,3.31
09/29/09,3.31
09/30/09,3.31
10/01/09,3.21
10/02/09,3.24
10/05/09,3.24
10/06/09,3.27
10/07/09,3.21
10/08/09,3.27
10/09/09,3.4
10/12/09,.
10/13/09,3.34
10/14/09,3.45
10/15/09,3.49
10/16/09,3.43
10/19/09,3.41
10/20/09,3.35
10/21/09,3.42
10/22/09,3.44
10/23/09,3.51
10/26/09,3.59
10/27/09,3.49
10/28/09,3.44
10/29/09,3.53
10/30/09,3.41
11/02/09,3.45
11/03/09,3.5
11/04/09,3.57
11/05/09,3.57
11/06/09,3.54
11/09/09,3.52
11/10/09,3.5
11/11/09,.
11/12/09,3.45
11/13/09,3.43
11/16/09,3.33
11/17/09,3.33
11/18/09,3.36
11/19/09,3.35
11/20/09,3.36
11/23/09,3.37
11/24/09,3.32
11/25/09,3.28
11/26/09,.
11/27/09,3.21
11/30/09,3.21
12/01/09,3.28
12/02/09,3.32
12/03/09,3.39
12/04/09,3.48
12/07/09,3.44
12/08/09,3.4
12/09/09,3.45
12/10/09,3.49
12/11/09,3.55
12/14/09,3.56
12/15/09,3.6
12/16/09,3.61
12/17/09,3.5
12/18/09,3.55
12/21/09,3.69
12/22/09,3.76
12/23/09,3.77
12/24/09,3.82
12/25/09,.
12/28/09,3.85
12/29/09,3.82
12/30/09,3.8
12/31/09,3.85
01/01/10,.
01/04/10,3.85
01/05/10,3.77
01/06/10,3.85
01/07/10,3.85
01/08/10,3.83
01/11/10,3.85
01/12/10,3.74
01/13/10,3.8
01/14/10,3.76
01/15/10,3.7
01/18/10,.
01/19/10,3.73
01/20/10,3.68
01/21/10,3.62
01/22/10,3.62
01/25/10,3.66
01/26/10,3.65
01/27/10,3.66
01/28/10,3.68
01/29/10,3.63
02/01/10,3.68
02/02/10,3.67
02/03/10,3.73
02/04/10,3.62
02/05/10,3.59
02/08/10,3.62
02/09/10,3.67
02/10/10,3.72
02/11/10,3.73
02/12/10,3.69
02/15/10,.
02/16/10,3.66
02/17/10,3.74
02/18/10,3.79
02/19/10,3.78
02/22/10,3.8
02/23/10,3.69
02/24/10,3.7
02/25/10,3.64
02/26/10,3.61
03/01/10,3.61
03/02/10,3.62
03/03/10,3.63
03/04/10,3.61
03/05/10,3.69
03/08/10,3.72
03/09/10,3.71
03/10/10,3.73
03/11/10,3.73
03/12/10,3.71
03/15/10,3.71
03/16/10,3.66
03/17/10,3.65
03/18/10,3.68
03/19/10,3.7
03/22/10,3.67
03/23/10,3.69
03/24/10,3.84
03/25/10,3.91
03/26/10,3.86
03/29/10,3.88
03/30/10,3.88
03/31/10,3.84
04/01/10,3.89
04/02/10,3.96
04/05/10,4.01
04/06/10,3.98
04/07/10,3.89
04/08/10,3.91
04/09/10,3.9
04/12/10,3.87
04/13/10,3.84
04/14/10,3.88
04/15/10,3.86
04/16/10,3.79
04/19/10,3.83
04/20/10,3.82
04/21/10,3.77
04/22/10,3.8
04/23/10,3.84
04/26/10,3.83
04/27/10,3.71
04/28/10,3.8
04/29/10,3.76
04/30/10,3.69
05/03/10,3.72
05/04/10,3.63
05/05/10,3.58
05/06/10,3.41
05/07/10,3.45
05/10/10,3.57
05/11/10,3.56
05/12/10,3.56
05/13/10,3.55
05/14/10,3.44
05/17/10,3.47
05/18/10,3.38
05/19/10,3.36
05/20/10,3.25
05/21/10,3.2
05/24/10,3.23
05/25/10,3.18
05/26/10,3.21
05/27/10,3.34
05/28/10,3.31
05/31/10,.
06/01/10,3.29
06/02/10,3.35
06/03/10,3.39
06/04/10,3.2
06/07/10,3.17
06/08/10,3.18
06/09/10,3.2
06/10/10,3.33
06/11/10,3.24
06/14/10,3.28
06/15/10,3.32
06/16/10,3.27
06/17/10,3.21
06/18/10,3.24
06/21/10,3.26
06/22/10,3.18
06/23/10,3.13
06/24/10,3.14
06/25/10,3.12
06/28/10,3.05
06/29/10,2.97
06/30/10,2.97
07/01/10,2.96
07/02/10,3
07/05/10,.
07/06/10,2.95
07/07/10,3
07/08/10,3.04
07/09/10,3.07
07/12/10,3.08
07/13/10,3.15
07/14/10,3.07
07/15/10,3
07/16/10,2.96
07/19/10,2.99
07/20/10,2.98
07/21/10,2.9
07/22/10,2.96
07/23/10,3.02
07/26/10,3.03
07/27/10,3.08
07/28/10,3.03
07/29/10,3.03
07/30/10,2.94
08/02/10,2.99
08/03/10,2.94
08/04/10,2.98
08/05/10,2.94
08/06/10,2.86
08/09/10,2.86
08/10/10,2.79
08/11/10,2.72
08/12/10,2.74
08/13/10,2.68
08/16/10,2.58
08/17/10,2.64
08/18/10,2.64
08/19/10,2.58
08/20/10,2.62
08/23/10,2.6
08/24/10,2.5
08/25/10,2.54
08/26/10,2.5
08/27/10,2.66
08/30/10,2.54
08/31/10,2.47
09/01/10,2.58
09/02/10,2.63
09/03/10,2.72
09/06/10,.
09/07/10,2.61
09/08/10,2.66
09/09/10,2.77
09/10/10,2.81
09/13/10,2.74
09/14/10,2.68
09/15/10,2.74
09/16/10,2.77
09/17/10,2.75
09/20/10,2.72
09/21/10,2.61
09/22/10,2.56
09/23/10,2.56
09/24/10,2.62
09/27/10,2.54
09/28/10,2.48
09/29/10,2.52
09/30/10,2.53
10/01/10,2.54
10/04/10,2.5
10/05/10,2.5
10/06/10,2.41
10/07/10,2.41
10/08/10,2.41
10/11/10,.
10/12/10,2.44
10/13/10,2.46
10/14/10,2.52
10/15/10,2.59
10/18/10,2.52
10/19/10,2.5
10/20/10,2.51
10/21/10,2.57
10/22/10,2.59
10/25/10,2.59
10/26/10,2.67
10/27/10,2.75
10/28/10,2.69
10/29/10,2.63
11/01/10,2.66
11/02/10,2.63
11/03/10,2.67
11/04/10,2.53
11/05/10,2.58
11/08/10,2.6
11/09/10,2.72
11/10/10,2.65
11/11/10,.
11/12/10,2.76
11/15/10,2.92
11/16/10,2.85
11/17/10,2.89
11/18/10,2.9
11/19/10,2.88
11/22/10,2.8
11/23/10,2.77
11/24/10,2.93
11/25/10,.
11/26/10,2.87
11/29/10,2.84
11/30/10,2.81
12/01/10,2.97
12/02/10,3.01
12/03/10,3.03
12/06/10,2.95
12/07/10,3.15
12/08/10,3.26
12/09/10,3.23
12/10/10,3.32
12/13/10,3.29
12/14/10,3.49
12/15/10,3.53
12/16/10,3.47
12/17/10,3.33
12/20/10,3.36
12/21/10,3.35
12/22/10,3.36
12/23/10,3.41
12/24/10,.
12/27/10,3.36
12/28/10,3.5
12/29/10,3.35
12/30/10,3.38
12/31/10,3.3
01/03/11,3.36
01/04/11,3.36
01/05/11,3.5
01/06/11,3.44
01/07/11,3.34
01/10/11,3.32
01/11/11,3.37
01/12/11,3.4
01/13/11,3.34
01/14/11,3.35
01/17/11,.
01/18/11,3.39
01/19/11,3.37
01/20/11,3.47
01/21/11,3.44
01/24/11,3.43
01/25/11,3.35
01/26/11,3.45
01/27/11,3.42
01/28/11,3.36
01/31/11,3.42
02/01/11,3.48
02/02/11,3.52
02/03/11,3.58
02/04/11,3.68
02/07/11,3.68
02/08/11,3.75
02/09/11,3.65
02/10/11,3.7
02/11/11,3.64
02/14/11,3.62
02/15/11,3.61
02/16/11,3.62
02/17/11,3.58
02/18/11,3.59
02/21/11,.
02/22/11,3.46
02/23/11,3.49
02/24/11,3.46
02/25/11,3.42
02/28/11,3.42
03/01/11,3.41
03/02/11,3.46
03/03/11,3.58
03/04/11,3.49
03/07/11,3.51
03/08/11,3.56
03/09/11,3.48
03/10/11,3.37
03/11/11,3.4
03/14/11,3.36
03/15/11,3.33
03/16/11,3.22
03/17/11,3.25
03/18/11,3.28
03/21/11,3.34
03/22/11,3.34
03/23/11,3.36
03/24/11,3.42
03/25/11,3.46
03/28/11,3.47
03/29/11,3.5
03/30/11,3.47
03/31/11,3.47
04/01/11,3.46
04/04/11,3.45
04/05/11,3.5
04/06/11,3.56
04/07/11,3.58
04/08/11,3.59
04/11/11,3.59
04/12/11,3.52
04/13/11,3.49
04/14/11,3.51
04/15/11,3.43
04/18/11,3.4
04/19/11,3.39
04/20/11,3.43
04/21/11,3.42
04/22/11,.
04/25/11,3.39
04/26/11,3.34
04/27/11,3.39
04/28/11,3.34
04/29/11,3.32
05/02/11,3.31
05/03/11,3.28
05/04/11,3.25
05/05/11,3.18
05/06/11,3.19
05/09/11,3.17
05/10/11,3.23
05/11/11,3.19
05/12/11,3.22
05/13/11,3.18
05/16/11,3.15
05/17/11,3.12
05/18/11,3.18
05/19/11,3.17
05/20/11,3.15
05/23/11,3.13
05/24/11,3.12
05/25/11,3.13
05/26/11,3.07
05/27/11,3.07
05/30/11,.
05/31/11,3.05
06/01/11,2.96
06/02/11,3.04
06/03/11,2.99
06/06/11,3.01
06/07/11,3.01
06/08/11,2.98
06/09/11,3.01
06/10/11,2.99
06/13/11,3
06/14/11,3.11
06/15/11,2.98
06/16/11,2.93
06/17/11,2.94
06/20/11,2.97
06/21/11,2.99
06/22/11,3.01
06/23/11,2.93
06/24/11,2.88
06/27/11,2.95
06/28/11,3.05
06/29/11,3.14
06/30/11,3.18
